day,susceptible,crowd,quitted,loyal
0.0000,298987.476869,1010.410209,2.060652,0.052269
0.0500,298974.823251,1020.928909,4.142756,0.105079
0.1000,298962.037796,1031.557220,6.246535,0.158435
0.1500,298949.119143,1042.296272,8.372216,0.212344
0.2000,298936.065916,1053.147208,10.520027,0.266812
0.2500,298922.876724,1064.111182,12.690197,0.321843
0.3000,298909.550163,1075.189357,14.882961,0.377445
0.3500,298896.084816,1086.382912,17.098552,0.433622
0.4000,298882.479249,1097.693036,19.337210,0.490381
0.4500,298868.732016,1109.120928,21.599174,0.547728
0.5000,298854.841654,1120.667803,23.884687,0.605669
0.5500,298840.806688,1132.334885,26.193994,0.664211
0.6000,298826.625624,1144.123412,28.527343,0.723358
0.6500,298812.296958,1156.034634,30.884984,0.783119
0.7000,298797.819167,1168.069813,33.267170,0.843499
0.7500,298783.190714,1180.230224,35.674156,0.904504
0.8000,298768.410047,1192.517157,38.106200,0.966142
0.8500,298753.475597,1204.931910,40.563564,1.028418
0.9000,298738.385779,1217.475800,43.046509,1.091340
0.9500,298723.138995,1230.150152,45.555304,1.154913
1.0000,298707.733629,1242.956307,48.090215,1.219146
1.0500,298692.168046,1255.895620,50.651515,1.284044
1.1000,298676.440600,1268.969457,53.239479,1.349615
1.1500,298660.549623,1282.179199,55.854383,1.415866
1.2000,298644.493435,1295.526243,58.496508,1.482803
1.2500,298628.270337,1309.011997,61.166135,1.550434
1.3000,298611.878611,1322.637883,63.863553,1.618766
1.3500,298595.316526,1336.405339,66.589048,1.687806
1.4000,298578.582329,1350.315816,69.342912,1.757562
1.4500,298561.674254,1364.370782,72.125441,1.828041
1.5000,298544.590514,1378.571715,74.936932,1.899250
1.5500,298527.329305,1392.920112,77.777686,1.971198
1.6000,298509.888805,1407.417483,80.648006,2.043892
1.6500,298492.267175,1422.065353,83.548200,2.117339
1.7000,298474.462556,1436.865263,86.478578,2.191548
1.7500,298456.473071,1451.818768,89.439453,2.266526
1.8000,298438.296823,1466.927441,92.431141,2.342282
1.8500,298419.931900,1482.192866,95.453963,2.418822
1.9000,298401.376366,1497.616648,98.508240,2.496157
1.9500,298382.628268,1513.200405,101.594300,2.574293
2.0000,298363.685635,1528.945771,104.712472,2.653239
2.0500,298344.546474,1544.854397,107.863089,2.733003
2.1000,298325.208773,1560.927950,111.046488,2.813595
2.1500,298305.670500,1577.168114,114.263008,2.895022
2.2000,298285.929603,1593.576588,117.512992,2.977293
2.2500,298265.984009,1610.155089,120.796788,3.060417
2.3000,298245.831626,1626.905353,124.114745,3.144403
2.3500,298225.470339,1643.829128,127.467219,3.229260
2.4000,298204.898014,1660.928184,130.854565,3.314997
2.4500,298184.112494,1678.204306,134.277145,3.401622
2.5000,298163.111603,1695.659298,137.735325,3.489145
2.5500,298141.893142,1713.294980,141.229472,3.577576
2.6000,298120.454890,1731.113191,144.759959,3.666923
2.6500,298098.794605,1749.115789,148.327162,3.757197
2.7000,298076.910021,1767.304647,151.931461,3.848406
2.7500,298054.798853,1785.681660,155.573239,3.940561
2.8000,298032.458790,1804.248739,159.252885,4.033671
2.8500,298009.887500,1823.007816,162.970790,4.127746
2.9000,297987.082629,1841.960839,166.727350,4.222797
2.9500,297964.041797,1861.109778,170.522964,4.318832
3.0000,297940.762604,1880.456620,174.358035,4.415863
3.0500,297917.242623,1900.003373,178.232972,4.513900
3.1000,297893.479406,1919.752063,182.148187,4.612952
3.1500,297869.470479,1939.704737,186.104095,4.713031
3.2000,297845.213345,1959.863461,190.101117,4.814148
3.2500,297820.705482,1980.230321,194.139678,4.916312
3.3000,297795.944344,2000.807426,198.220205,5.019535
3.3500,297770.927360,2021.596901,202.343133,5.123827
3.4000,297745.651932,2042.600894,206.508899,5.229201
3.4500,297720.115439,2063.821575,210.717945,5.335666
3.5000,297694.315234,2085.261133,214.970717,5.443234
3.5500,297668.248644,2106.921778,219.267667,5.551916
3.6000,297641.912968,2128.805743,223.609249,5.661724
3.6500,297615.305482,2150.915282,227.995924,5.772670
3.7000,297588.423434,2173.252670,232.428157,5.884765
3.7500,297561.264046,2195.820203,236.906418,5.998022
3.8000,297533.824510,2218.620203,241.431179,6.112451
3.8500,297506.101995,2241.655010,246.002921,6.228065
3.9000,297478.093641,2264.926988,250.622127,6.344877
3.9500,297449.796559,2288.438525,255.289285,6.462899
4.0000,297421.207834,2312.192030,260.004890,6.582142
4.0500,297392.324522,2336.189935,264.769440,6.702620
4.1000,297363.143650,2360.434698,269.583437,6.824346
4.1500,297333.662218,2384.928798,274.447392,6.947332
4.2000,297303.877195,2409.674737,279.361818,7.071591
4.2500,297273.785522,2434.675042,284.327232,7.197136
4.3000,297243.384112,2459.932266,289.344161,7.323981
4.3500,297212.669845,2485.448983,294.413132,7.452139
4.4000,297181.639574,2511.227792,299.534681,7.581623
4.4500,297150.290121,2537.271319,304.709347,7.712447
4.5000,297118.618277,2563.582213,309.937676,7.844624
4.5500,297086.620804,2590.163148,315.220218,7.978170
4.6000,297054.294430,2617.016823,320.557531,8.113097
4.6500,297021.635855,2644.145965,325.950176,8.249419
4.7000,296988.641746,2671.553323,331.398720,8.387152
4.7500,296955.308738,2699.241675,336.903736,8.526310
4.8000,296921.633435,2727.213823,342.465805,8.666906
4.8500,296887.612409,2755.472596,348.085509,8.808957
4.9000,296853.242197,2784.020851,353.763440,8.952476
4.9500,296818.519306,2812.861470,359.500194,9.097479
5.0000,296783.440209,2841.997363,365.296374,9.243982
5.0500,296748.001346,2871.431465,371.152587,9.391998
5.1000,296712.199122,2901.166741,377.069449,9.541545
5.1500,296676.029910,2931.206183,383.047579,9.692637
5.2000,296639.490047,2961.552810,389.087604,9.845291
5.2500,296602.575837,2992.209670,395.190157,9.999522
5.3000,296565.283549,3023.179839,401.355878,10.155346
5.3500,296527.609416,3054.466421,407.585411,10.312780
5.4000,296489.549638,3086.072549,413.879408,10.471840
5.4500,296451.100377,3118.001385,420.238529,10.632543
5.5000,296412.257760,3150.256121,426.663437,10.794906
5.5500,296373.017879,3182.839976,433.154804,10.958945
5.6000,296333.376787,3215.756202,439.713308,11.124678
5.6500,296293.330503,3249.008078,446.339633,11.292121
5.7000,296252.875008,3282.598914,453.034472,11.461293
5.7500,296212.006244,3316.532051,459.798523,11.632211
5.8000,296170.720119,3350.810860,466.632490,11.804892
5.8500,296129.012500,3385.438742,473.537086,11.979356
5.9000,296086.879217,3420.419130,480.513030,12.155618
5.9500,296044.316062,3455.755489,487.561048,12.333700
6.0000,296001.318787,3491.451312,494.681873,12.513617
6.0500,295957.883106,3527.510128,501.876246,12.695390
6.1000,295914.004694,3563.935495,509.144915,12.879037
6.1500,295869.679185,3600.731005,516.488634,13.064578
6.2000,295824.902174,3637.900281,523.908167,13.252030
6.2500,295779.669215,3675.446978,531.404284,13.441415
6.3000,295733.975823,3713.374786,538.977760,13.632751
6.3500,295687.817470,3751.687426,546.629383,13.826058
6.4000,295641.189588,3790.388654,554.359944,14.021357
6.4500,295594.087568,3829.482259,562.170245,14.218667
6.5000,295546.506758,3868.972063,570.061092,14.418009
6.5500,295498.442466,3908.861923,578.033304,14.619404
6.6000,295449.889954,3949.155729,586.087702,14.822871
6.6500,295400.844446,3989.857406,594.225121,15.028433
6.7000,295351.301118,4030.970915,602.446399,15.236110
6.7500,295301.255108,4072.500251,610.752386,15.445924
6.8000,295250.701505,4114.449443,619.143937,15.657897
6.8500,295199.635359,4156.822557,627.621918,15.872049
6.9000,295148.051672,4199.623695,636.187202,16.088404
6.9500,295095.945403,4242.856992,644.840670,16.306984
7.0000,295043.311467,4286.526623,653.583214,16.527810
7.0500,294990.144733,4330.636796,662.415731,16.750906
7.1000,294936.440024,4375.191758,671.339129,16.976294
7.1500,294882.192117,4420.195791,680.354324,17.203998
7.2000,294827.395745,4465.653215,689.462241,17.434041
7.2500,294772.045593,4511.568388,698.663815,17.666446
7.3000,294716.136299,4557.945705,707.959987,17.901238
7.3500,294659.662454,4604.789596,717.351711,18.138440
7.4000,294602.618604,4652.104533,726.839947,18.378077
7.4500,294544.999245,4699.895025,736.425664,18.620172
7.5000,294486.798825,4748.165618,746.109844,18.864751
7.5500,294428.011744,4796.920898,755.893475,19.111839
7.6000,294368.632355,4846.165489,765.777554,19.361461
7.6500,294308.654961,4895.904055,775.763091,19.613642
7.7000,294248.073815,4946.141300,785.851102,19.868407
7.7500,294186.883121,4996.881964,796.042614,20.125784
7.8000,294125.077035,5048.130831,806.338665,20.385797
7.8500,294062.649661,5099.892723,816.740301,20.648474
7.9000,293999.595052,5152.172502,827.248579,20.913841
7.9500,293935.907213,5204.975072,837.864566,21.181925
8.0000,293871.580095,5258.305375,848.589337,21.452753
8.0500,293806.607599,5312.168396,859.423982,21.726352
8.1000,293740.983576,5366.569161,870.369595,22.002751
8.1500,293674.701822,5421.512736,881.427286,22.281977
8.2000,293607.756083,5477.004230,892.598172,22.564058
8.2500,293540.140052,5533.048793,903.883381,22.849022
8.3000,293471.847369,5589.651616,915.284053,23.136900
8.3500,293402.871621,5646.817934,926.801338,23.427718
8.4000,293333.206342,5704.553023,938.436396,23.721508
8.4500,293262.845011,5762.862201,950.190398,24.018297
8.5000,293191.781055,5821.750831,962.064527,24.318117
8.5500,293120.007845,5881.224316,974.059976,24.620997
8.6000,293047.518699,5941.288105,986.177950,24.926968
8.6500,292974.306880,6001.947689,998.419664,25.236060
8.7000,292900.365594,6063.208601,1010.786346,25.548304
8.7500,292825.687994,6125.076420,1023.279234,25.863732
8.8000,292750.267177,6187.556768,1035.899578,26.182374
8.8500,292674.096182,6250.655310,1048.648639,26.504263
8.9000,292597.167995,6314.377758,1061.527691,26.829431
8.9500,292519.475543,6378.729864,1074.538018,27.157911
9.0000,292441.011699,6443.717429,1087.680918,27.489734
9.0500,292361.769275,6509.346295,1100.957698,27.824935
9.1000,292281.741029,6575.622353,1114.369680,28.163545
9.1500,292200.919662,6642.551534,1127.918196,28.505600
9.2000,292119.297814,6710.139819,1141.604592,28.851133
9.2500,292036.868071,6778.393231,1155.430224,29.200177
9.3000,291953.622958,6847.317840,1169.396462,29.552768
9.3500,291869.554943,6916.919760,1183.504690,29.908941
9.4000,291784.656435,6987.205154,1197.756300,30.268730
9.4500,291698.919783,7058.180227,1212.152702,30.632171
9.5000,291612.337279,7129.851232,1226.695315,30.999301
9.5500,291524.901154,7202.224470,1241.385572,31.370154
9.6000,291436.603580,7275.306283,1256.224919,31.744768
9.6500,291347.436669,7349.103065,1271.214816,32.123179
9.7000,291257.392475,7423.621253,1286.356735,32.505425
9.7500,291166.462989,7498.867332,1301.652161,32.891543
9.8000,291074.640143,7574.847832,1317.102593,33.281570
9.8500,290981.915809,7651.569333,1332.709543,33.675546
9.9000,290888.281797,7729.038458,1348.474538,34.073507
9.9500,290793.729857,7807.261879,1364.399116,34.475494
10.0000,290698.251678,7886.246314,1380.484832,34.881546
10.0500,290601.838887,7965.998530,1396.733251,35.291701
10.1000,290504.483052,8046.525340,1413.145955,35.705999
10.1500,290406.175676,8127.833602,1429.724539,36.124482
10.2000,290306.908202,8209.930225,1446.470612,36.547190
10.2500,290206.672012,8292.822162,1463.385796,36.974162
10.3000,290105.458426,8376.516414,1480.471731,37.405442
10.3500,290003.258700,8461.020032,1497.730067,37.841070
10.4000,289900.064029,8546.340111,1515.162471,38.281088
10.4500,289795.865547,8632.483794,1532.770624,38.725539
10.5000,289690.654324,8719.458271,1550.556222,39.174466
10.5500,289584.421369,8807.270782,1568.520975,39.627911
10.6000,289477.157626,8895.928611,1586.666610,40.085919
10.6500,289368.853979,8985.439091,1604.994865,40.548533
10.7000,289259.501248,9075.809601,1623.507498,41.015797
10.7500,289149.090190,9167.047568,1642.206278,41.487756
10.8000,289037.611501,9259.160466,1661.092991,41.964456
10.8500,288925.055813,9352.155817,1680.169438,42.445940
10.9000,288811.413694,9446.041187,1699.437438,42.932256
10.9500,288696.675652,9540.824192,1718.898821,43.423450
11.0000,288580.832129,9636.512493,1738.555435,43.919567
11.0500,288463.873506,9733.113799,1758.409146,44.420656
11.1000,288345.790103,9830.635864,1778.461831,44.926763
11.1500,288226.572172,9929.086489,1798.715387,45.437936
11.2000,288106.209908,10028.473523,1819.171726,45.954224
11.2500,287984.693439,10128.804858,1839.832774,46.475675
11.3000,287862.012832,10230.088435,1860.700476,47.002338
11.3500,287738.158093,10332.332239,1881.776793,47.534263
11.4000,287613.119164,10435.544301,1903.063700,48.071498
11.4500,287486.885923,10539.732697,1924.563192,48.614096
11.5000,287359.448189,10644.905550,1946.277277,49.162106
11.5500,287230.795716,10751.071026,1968.207983,49.715579
11.6000,287100.918198,10858.237336,1990.357352,50.274567
11.6500,286969.805268,10966.412737,2012.727445,50.839121
11.7000,286837.446493,11075.605530,2035.320339,51.409295
11.7500,286703.831384,11185.824057,2058.138129,51.985141
11.8000,286568.949386,11297.076708,2081.182925,52.566713
11.8500,286432.789886,11409.371913,2104.456856,53.154063
11.9000,286295.342210,11522.718148,2127.962068,53.747246
11.9500,286156.595621,11637.123929,2151.700724,54.346317
12.0000,286016.539324,11752.597816,2175.675006,54.951330
12.0500,285875.162464,11869.148411,2199.887111,55.562341
12.1000,285732.454124,11986.784356,2224.339256,56.179406
12.1500,285588.403329,12105.514337,2249.033674,56.802581
12.2000,285442.999047,12225.347078,2273.972618,57.431923
12.2500,285296.230183,12346.291346,2299.158357,58.067489
12.3000,285148.085585,12468.355946,2324.593178,58.709337
12.3500,284998.554046,12591.549723,2350.279388,59.357524
12.4000,284847.624298,12715.881561,2376.219310,60.012111
12.4500,284695.285015,12841.360384,2402.415286,60.673154
12.5000,284541.524818,12967.995152,2428.869677,61.340715
12.5500,284386.332269,13095.794863,2455.584862,62.014853
12.6000,284229.695874,13224.768552,2482.563238,62.695628
12.6500,284071.604085,13354.925291,2509.807222,63.383102
12.7000,283912.045298,13486.274187,2537.319247,64.077336
12.7500,283751.007855,13618.824382,2565.101767,64.778391
12.8000,283588.480045,13752.585053,2593.157254,65.486329
12.8500,283424.450103,13887.565412,2621.488199,66.201215
12.9000,283258.906211,14023.774701,2650.097112,66.923110
12.9500,283091.836501,14161.222198,2678.986521,67.652080
13.0000,282923.229050,14299.917210,2708.158975,68.388187
13.0500,282753.071889,14439.869077,2737.617041,69.131496
13.1000,282581.352995,14581.087169,2767.363304,69.882074
13.1500,282408.060298,14723.580884,2797.400370,70.639985
13.2000,282233.181679,14867.359651,2827.730864,71.405296
13.2500,282056.704971,15012.432924,2858.357429,72.178072
13.3000,281878.617960,15158.810187,2889.282730,72.958383
13.3500,281698.908387,15306.500949,2920.509448,73.746294
13.4000,281517.563946,15455.514744,2952.040288,74.541875
13.4500,281334.572288,15605.861131,2983.877969,75.345193
13.5000,281149.921018,15757.549692,3016.025235,76.156318
13.5500,280963.597703,15910.590030,3048.484847,76.975319
13.6000,280775.589862,16064.991773,3081.259585,77.802267
13.6500,280585.884980,16220.764567,3114.352250,78.637233
13.7000,280394.470497,16377.918077,3147.765663,79.480286
13.7500,280201.333816,16536.461989,3181.502664,80.331499
13.8000,280006.462304,16696.406002,3215.566114,81.190944
13.8500,279809.843289,16857.759837,3249.958892,82.058694
13.9000,279611.464066,17020.533224,3284.683899,82.934821
13.9500,279411.311892,17184.735911,3319.744055,83.819400
14.0000,279209.373994,17350.377657,3355.142300,84.712503
14.0500,279005.637567,17517.468233,3390.881593,85.614207
14.1000,278800.089774,17686.017419,3426.964916,86.524585
14.1500,278592.717748,17856.035006,3463.395268,87.443714
14.2000,278383.508596,18027.530790,3500.175670,88.371669
14.2500,278172.449396,18200.514576,3537.309161,89.308528
14.3000,277959.527202,18374.996171,3574.798803,90.254368
14.3500,277744.729043,18550.985389,3612.647676,91.209265
14.4000,277528.041926,18728.492042,3650.858880,92.173298
14.4500,277309.452835,18907.525946,3689.435537,93.146547
14.5000,277088.948737,19088.096915,3728.380787,94.129089
14.5500,276866.516578,19270.214760,3767.697791,95.121005
14.6000,276642.143290,19453.889289,3807.389731,96.122374
14.6500,276415.815787,19639.130303,3847.459808,97.133278
14.7000,276187.520972,19825.947598,3887.911242,98.153798
14.7500,275957.245734,20014.350961,3928.747277,99.184014
14.8000,275724.976954,20204.350166,3969.971172,100.224011
14.8500,275490.701503,20395.954979,4011.586210,101.273869
14.9000,275254.406245,20589.175149,4053.595691,102.333673
14.9500,275016.078041,20784.020410,4096.002938,103.403505
15.0000,274775.703746,20980.500480,4138.811292,104.483451
15.0500,274533.270218,21178.625057,4182.024114,105.573594
15.1000,274288.764311,21378.403817,4225.644785,106.674021
15.1500,274042.172884,21579.846415,4269.676706,107.784816
15.2000,273793.482800,21782.962481,4314.123299,108.906066
15.2500,273542.680930,21987.761615,4358.988003,110.037858
15.3000,273289.754152,22194.253393,4404.274278,111.180278
15.3500,273034.689355,22402.447357,4449.985605,112.333415
15.4000,272777.473441,22612.353016,4496.125482,113.497356
15.4500,272518.093326,22823.979847,4542.697428,114.672191
15.5000,272256.535945,23037.337288,4589.704982,115.858007
15.5500,271992.788252,23252.434737,4637.151700,117.054896
15.6000,271726.837221,23469.281551,4685.041160,118.262946
15.6500,271458.669850,23687.887046,4733.376956,119.482249
15.7000,271188.273167,23908.260489,4782.162705,120.712896
15.7500,270915.634224,24130.411101,4831.402039,121.954978
15.8000,270640.740106,24354.348050,4881.098611,123.208587
15.8500,270363.577932,24580.080455,4931.256093,124.473815
15.9000,270084.134857,24807.617377,4981.878174,125.750756
15.9500,269802.398073,25036.967820,5032.968563,127.039503
16.0000,269518.354815,25268.140729,5084.530987,128.340150
16.0500,269231.992361,25501.144985,5136.569191,129.652790
16.1000,268943.298035,25735.989406,5189.086939,130.977520
16.1500,268652.259211,25972.682740,5242.088011,132.314434
16.2000,268358.863314,26211.233667,5295.576208,133.663627
16.2500,268063.097823,26451.650794,5349.555345,135.025196
16.3000,267764.950275,26693.942652,5404.029257,136.399238
16.3500,267464.408269,26938.117694,5459.001796,137.785849
16.4000,267161.459463,27184.184293,5514.476832,139.185127
16.4500,266856.091584,27432.150737,5570.458250,140.597170
16.5000,266548.292428,27682.025229,5626.949954,142.022076
16.5500,266238.049861,27933.815883,5683.955863,143.459943
16.6000,265925.351825,28187.530722,5741.479914,144.910871
16.6500,265610.186339,28443.177672,5799.526059,146.374960
16.7000,265292.541505,28700.764563,5858.098268,147.852308
16.7500,264972.405508,28960.299125,5917.200525,149.343018
16.8000,264649.766619,29221.788982,5976.836831,150.847188
16.8500,264324.613202,29485.241654,6037.011201,152.364921
16.9000,263996.933713,29750.664552,6097.727668,153.896318
16.9500,263666.716705,30018.064972,6158.990277,155.441480
17.0000,263333.950833,30287.450096,6220.803090,157.000510
17.0500,262998.624854,30558.826987,6283.170183,158.573511
17.1000,262660.727632,30832.202588,6346.095647,160.160585
17.1500,262320.248142,31107.583714,6409.583584,161.761836
17.2000,261977.175474,31384.977054,6473.638115,163.377368
17.2500,261631.498832,31664.389166,6538.263370,165.007283
17.3000,261283.207545,31945.826472,6603.463494,166.651688
17.3500,260932.291063,32229.295258,6669.242647,168.310686
17.4000,260578.738964,32514.801668,6735.604997,169.984382
17.4500,260222.540961,32802.351702,6802.554730,171.672882
17.5000,259863.686897,33091.951212,6870.096040,173.376291
17.5500,259502.166758,33383.605901,6938.233134,175.094716
17.6000,259137.970670,33677.321317,7006.970232,176.828261
17.6500,258771.088905,33973.102848,7076.311563,178.577034
17.7000,258401.511887,34270.955724,7146.261369,180.341142
17.7500,258029.230190,34570.885010,7216.823901,182.120690
17.8000,257654.234549,34872.895603,7288.003420,183.915788
17.8500,257276.515857,35176.992229,7359.804198,185.726541
17.9000,256896.065173,35483.179438,7432.230517,187.553058
17.9500,256512.873726,35791.461605,7505.286666,189.395447
18.0000,256126.932916,36101.842920,7578.976944,191.253815
18.0500,255738.234319,36414.327391,7653.305659,193.128271
18.1000,255346.769693,36728.918835,7728.277126,195.018925
18.1500,254952.530978,37045.620879,7803.895668,196.925883
18.2000,254555.510304,37364.436952,7880.165616,198.849256
18.2500,254155.699993,37685.370287,7957.091306,200.789152
18.3000,253753.092562,38008.423912,8034.677083,202.745681
18.3500,253347.680728,38333.600650,8112.927295,204.718952
18.4000,252939.457413,38660.903115,8191.846298,206.709074
18.4500,252528.415745,38990.333706,8271.438452,208.716157
18.5000,252114.549066,39321.894606,8351.708122,210.740312
18.5500,251697.850931,39655.587780,8432.659677,212.781647
18.6000,251278.315119,39991.414966,8514.297490,214.840272
18.6500,250855.935630,40329.377677,8596.625938,216.916299
18.7000,250430.706691,40669.477193,8679.649399,219.009836
18.7500,250002.622764,41011.714563,8763.372255,221.120994
18.8000,249571.678544,41356.090594,8847.798890,223.249883
18.8500,249137.868967,41702.605856,8932.933688,225.396614
18.9000,248701.189212,42051.260671,9018.781036,227.561296
18.9500,248261.634709,42402.055115,9105.345319,229.744039
19.0000,247819.201136,42754.989010,9192.630924,231.944955
19.0500,247373.884428,43110.061924,9280.642236,234.164153
19.1000,246925.680780,43467.273167,9369.383639,236.401744
19.1500,246474.586652,43826.621786,9458.859516,238.657837
19.2000,246020.598769,44188.106563,9549.074248,240.932542
19.2500,245563.714130,44551.726012,9640.032212,243.225970
19.3000,245103.930008,44917.478374,9731.737782,245.538230
19.3500,244641.243956,45285.361614,9824.195329,247.869433
19.4000,244175.653810,45655.373419,9917.409219,250.219687
19.4500,243707.157694,46027.511196,10011.383813,252.589103
19.5000,243235.754022,46401.772063,10106.123466,254.977790
19.5500,242761.441503,46778.152852,10201.632527,257.385857
19.6000,242284.219143,47156.650104,10297.915339,259.813412
19.6500,241804.086254,47537.260064,10394.976236,262.260566
19.7000,241321.042449,47919.978680,10492.819546,264.727426
19.7500,240835.087655,48304.801598,10591.449587,267.214101
19.8000,240346.222110,48691.724162,10690.870668,269.720699
19.8500,239854.446368,49080.741409,10791.087087,272.247328
19.9000,239359.761306,49471.848065,10892.103135,274.794095
19.9500,238862.168123,49865.038545,10993.923088,277.361109
20.0000,238361.668345,50260.306948,11096.551213,279.948476
20.0500,237858.263831,50657.647055,11199.991763,282.556302
20.1000,237351.956771,51057.052327,11304.248977,285.184695
20.1500,236842.749695,51458.515900,11409.327084,287.833760
20.2000,236330.645473,51862.030587,11515.230294,290.503603
20.2500,235815.647318,52267.588868,11621.962805,293.194329
20.3000,235297.758792,52675.182898,11729.528799,295.906043
20.3500,234776.983805,53084.804492,11837.932441,298.638849
20.4000,234253.326622,53496.445135,11947.177878,301.392852
20.4500,233726.791862,53910.095971,12057.269240,304.168155
20.5000,233197.384506,54325.747805,12168.210638,306.964861
20.5500,232665.109895,54743.391100,12280.006166,309.783073
20.6000,232129.973734,55163.015973,12392.659896,312.622893
20.6500,231591.982098,55584.612196,12506.175879,315.484422
20.7000,231051.141429,56008.169194,12620.558146,318.367761
20.7500,230507.458544,56433.676040,12735.810705,321.273011
20.8000,229960.940633,56861.121457,12851.937542,324.200271
20.8500,229411.595265,57290.493814,12968.942620,327.149641
20.9000,228859.430388,57721.781125,13086.829876,330.121220
20.9500,228304.454331,58154.971048,13205.603223,333.115105
21.0000,227746.675807,58590.050883,13325.266548,336.131394
21.0500,227186.103917,59027.007572,13445.823714,339.170184
21.1000,226622.748149,59465.827696,13567.278553,342.231570
21.1500,226056.618379,59906.497475,13689.634871,345.315647
21.2000,225487.724877,60349.002767,13812.896447,348.422511
21.2500,224916.078304,60793.329066,13937.067027,351.552254
21.3000,224341.689719,61239.461504,14062.150330,354.704971
21.3500,223764.570573,61687.384847,14188.150043,357.880753
21.4000,223184.732718,62137.083495,14315.069821,361.079691
21.4500,222602.188402,62588.541486,14442.913287,364.301876
21.5000,222016.950276,63041.742487,14571.684032,367.547399
21.5500,221429.031389,63496.669804,14701.385611,370.816347
21.6000,220838.445194,63953.306372,14832.021546,374.108808
21.6500,220245.205545,64411.634762,14963.595323,377.424871
21.7000,219649.326701,64871.637179,15096.110393,380.764620
21.7500,219050.823323,65333.295461,15229.570167,384.128142
21.8000,218449.710478,65796.591080,15363.978023,387.515521
21.8500,217846.003637,66261.505144,15499.337297,390.926839
21.9000,217239.718676,66728.018394,15635.651287,394.362179
21.9500,216630.871876,67196.111210,15772.923252,397.821622
22.0000,216019.479922,67665.763604,15911.156409,401.305249
22.0500,215405.559906,68136.955231,16050.353934,404.813139
22.1000,214789.129322,68609.665381,16190.518963,408.345370
22.1500,214170.206070,69083.872985,16331.654586,411.902018
22.2000,213548.808452,69559.556614,16473.763851,415.483161
22.2500,212924.955175,70036.694484,16616.849761,419.088872
22.3000,212298.665346,70515.264454,16760.915277,422.719225
22.3500,211669.958473,70995.244027,16905.963309,426.374293
22.4000,211038.854467,71476.610355,17051.996725,430.054147
22.4500,210405.373633,71959.340241,17199.018343,433.758858
22.5000,209769.536679,72443.410138,17347.030935,437.488493
22.5500,209131.364705,72928.796151,17496.037224,441.243121
22.6000,208490.879206,73415.474046,17646.039882,445.022808
22.6500,207848.102072,73903.419243,17797.041534,448.827619
22.7000,207203.055581,74392.606826,17949.044750,452.657618
22.7500,206555.762402,74883.011541,18102.052053,456.512868
22.8000,205906.245589,75374.607803,18256.065912,460.393429
22.8500,205254.528580,75867.369696,18411.088742,464.299362
22.9000,204600.635197,76361.270975,18567.122906,468.230725
22.9500,203944.589639,76856.285074,18724.170713,472.187575
23.0000,203286.416483,77352.385105,18882.234417,476.169967
23.0500,202626.140679,77849.543865,19041.316216,480.177957
23.1000,201963.787548,78347.733835,19201.418252,484.211597
23.1500,201299.382779,78846.927188,19362.542610,488.270938
23.2000,200632.952425,79347.095793,19524.691319,492.356031
23.2500,199964.522899,79848.211215,19687.866350,496.466924
23.3000,199294.120972,80350.244723,19852.069613,500.603663
23.3500,198621.773769,80853.167293,20017.302961,504.766295
23.4000,197947.508765,81356.949612,20183.568186,508.954864
23.4500,197271.353780,81861.562084,20350.867021,513.169411
23.5000,196593.336976,82366.974834,20519.201138,517.409978
23.5500,195913.486853,82873.157710,20688.572144,521.676605
23.6000,195231.832244,83380.080292,20858.981590,525.969328
23.6500,194548.402310,83887.711897,21030.430958,530.288184
23.7000,193863.226539,84396.021581,21202.921672,534.633208
23.7500,193176.334734,84904.978146,21376.455089,539.004433
23.8000,192487.757016,85414.550145,21551.032503,543.401890
23.8500,191797.523813,85924.705889,21726.655143,547.825608
23.9000,191105.665859,86435.413452,21903.324174,552.275616
23.9500,190412.214186,86946.640673,22081.040693,556.751940
24.0000,189717.200121,87458.355170,22259.805734,561.254605
24.0500,189020.655278,87970.524338,22439.620260,565.783633
24.1000,188322.611554,88483.115357,22620.485172,570.339047
24.1500,187623.101123,88996.095203,22802.401299,574.920865
24.2000,186922.156430,89509.430648,22985.369405,579.529105
24.2500,186219.810185,90023.088270,23169.390185,584.163785
24.3000,185516.095356,90537.034457,23354.464264,588.824916
24.3500,184811.045165,91051.235418,23540.592200,593.512514
24.4000,184104.693082,91565.657183,23727.774480,598.226588
24.4500,183397.072813,92080.265616,23916.011522,602.967147
24.5000,182688.218302,92595.026420,24105.303673,607.734199
24.5500,181978.163717,93109.905139,24295.651211,612.527750
24.6000,181266.943448,93624.867174,24487.054341,617.347802
24.6500,180554.592098,94139.877782,24679.513200,622.194359
24.7000,179841.144478,94654.902088,24873.027850,627.067419
24.7500,179126.635597,95169.905089,25067.598284,631.966982
24.8000,178411.100658,95684.851666,25263.224422,636.893044
24.8500,177694.575049,96199.706585,25459.906113,641.845599
24.9000,176977.094338,96714.434509,25657.643132,646.824640
24.9500,176258.694261,97229.000005,25856.435183,651.830158
25.0000,175539.410722,97743.367548,26056.281897,656.862143
25.0500,174819.279778,98257.501534,26257.182831,661.920582
25.1000,174098.337637,98771.366284,26459.137469,667.005459
25.1500,173376.620649,99284.926053,26662.145224,672.116760
25.2000,172654.165296,99798.145036,26866.205433,677.254464
25.2500,171931.008186,100310.987378,27071.317361,682.418553
25.3000,171207.186049,100823.417181,27277.480200,687.609003
25.3500,170482.735721,101335.398511,27484.693065,692.825792
25.4000,169757.694145,101846.895408,27692.955002,698.068894
25.4500,169032.098358,102357.871891,27902.264981,703.338280
25.5000,168305.985483,102868.291967,28112.621897,708.633922
25.5500,167579.392723,103378.119642,28324.024573,713.955787
25.6000,166852.357353,103887.318922,28536.471758,719.303844
25.6500,166124.916712,104395.853830,28749.962127,724.678056
25.7000,165397.108192,104903.688404,28964.494280,730.078387
25.7500,164668.969236,105410.786715,29180.066746,735.504797
25.8000,163940.537324,105917.112866,29396.677978,740.957247
25.8500,163211.849968,106422.631007,29614.326357,746.435693
25.9000,162482.944703,106927.305338,29833.010189,751.940092
25.9500,161753.859080,107431.100120,30052.727708,757.470396
26.0000,161024.630657,107933.979680,30273.477074,763.026558
26.0500,160295.296991,108435.908424,30495.256375,768.608528
26.1000,159565.895631,108936.850838,30718.063624,774.216254
26.1500,158836.464108,109436.771502,30941.896765,779.849682
26.2000,158107.039928,109935.635094,31166.753665,785.508756
26.2500,157377.660567,110433.406399,31392.632122,791.193420
26.3000,156648.363455,110930.050316,31619.529861,796.903615
26.3500,155919.185979,111425.531870,31847.444534,802.639278
26.4000,155190.165463,111919.816211,32076.373724,808.400348
26.4500,154461.339173,112412.868631,32306.314939,814.186759
26.5000,153732.744297,112904.654566,32537.265620,819.998446
26.5500,153004.417945,113395.139603,32769.223134,825.835341
26.6000,152276.397140,113884.289491,33002.184780,831.697372
26.6500,151548.718806,114372.070148,33236.147785,837.584469
26.7000,150821.419766,114858.447665,33471.109308,843.496558
26.7500,150094.536732,115343.388315,33707.066439,849.433564
26.8000,149368.106296,115826.858561,33944.016196,855.395409
26.8500,148642.164923,116308.825064,34181.955531,861.382015
26.9000,147916.748946,116789.254687,34420.881328,867.393302
26.9500,147191.894557,117268.114503,34660.790403,873.429187
27.0000,146467.637798,117745.371804,34901.679503,879.489587
27.0500,145744.014557,118220.994106,35143.545310,885.574415
27.1000,145021.060557,118694.949154,35386.384439,891.683585
27.1500,144298.811354,119167.204934,35630.193440,897.817008
27.2000,143577.302324,119637.729672,35874.968796,903.974593
27.2500,142856.568660,120106.491846,36120.706927,910.156248
27.3000,142136.645367,120573.460193,36367.404187,916.361879
27.3500,141417.567249,121038.603710,36615.056867,922.591390
27.4000,140699.368907,121501.891663,36863.661194,928.844686
27.4500,139982.084732,121963.293596,37113.213334,935.121666
27.5000,139265.748896,122422.779330,37363.709389,941.422231
27.5500,138550.395351,122880.318976,37615.145400,947.746278
27.6000,137836.057814,123335.882936,37867.517347,954.093706
27.6500,137122.769772,123789.441908,38120.821150,960.464408
27.7000,136410.564464,124240.966898,38375.052668,966.858279
27.7500,135699.474885,124690.429215,38630.207704,973.275211
27.8000,134989.533776,125137.800486,38886.281999,979.715094
27.8500,134280.773616,125583.052656,39143.271238,986.177818
27.9000,133573.226621,126026.157992,39401.171048,992.663269
27.9500,132866.924735,126467.089092,39659.977000,999.171336
28.0000,132161.899628,126905.818885,39919.684609,1005.701903
28.0500,131458.182686,127342.320640,40180.289335,1012.254852
28.1000,130755.805011,127776.567966,40441.786583,1018.830067
28.1500,130054.797411,128208.534821,40704.171706,1025.427429
28.2000,129355.190400,128638.195512,40967.440000,1032.046816
28.2500,128657.014190,129065.524701,41231.586714,1038.688107
28.3000,127960.298688,129490.497409,41496.607041,1045.351179
28.3500,127265.073489,129913.089020,41762.496126,1052.035907
28.4000,126571.367875,130333.275281,42029.249063,1058.742166
28.4500,125879.210808,130751.032313,42296.860895,1065.469829
28.5000,125188.630929,131166.336606,42565.326619,1072.218767
28.5500,124499.656549,131579.165028,42834.641183,1078.988851
28.6000,123812.315651,131989.494825,43104.799488,1085.779951
28.6500,123126.635882,132397.303626,43375.796389,1092.591936
28.7000,122442.644550,132802.569443,43647.626695,1099.424671
28.7500,121760.368624,133205.270678,43920.285171,1106.278024
28.8000,121079.834727,133605.386121,44193.766538,1113.151858
28.8500,120401.069131,134002.894954,44468.065473,1120.046039
28.9000,119724.097762,134397.776755,44743.176612,1126.960428
28.9500,119048.946188,134790.011498,45019.094549,1133.894888
29.0000,118375.639622,135179.579556,45295.813837,1140.849279
29.0500,117704.202916,135566.461700,45573.328990,1147.823460
29.1000,117034.660561,135950.639106,45851.634482,1154.817292
29.1500,116367.036685,136332.093353,46130.724749,1161.830630
29.2000,115701.355045,136710.806423,46410.594192,1168.863333
29.2500,115037.639035,137086.760706,46691.237171,1175.915255
29.3000,114375.911673,137459.938998,46972.648014,1182.986253
29.3500,113716.195607,137830.324506,47254.821012,1190.076180
29.4000,113058.513111,138197.900844,47537.750424,1197.184889
29.4500,112402.886083,138562.652035,47821.430475,1204.312233
29.5000,111749.336042,138924.562515,48105.855357,1211.458064
29.5500,111097.884129,139283.617129,48391.019230,1218.622232
29.6000,110448.551106,139639.801135,48676.916225,1225.804587
29.6500,109801.357354,139993.100201,48963.540443,1233.004979
29.7000,109156.322872,140343.500407,49250.885955,1240.223256
29.7500,108513.467275,140690.988246,49538.946805,1247.459267
29.8000,107872.809796,141035.550619,49827.717008,1254.712858
29.8500,107234.369283,141377.174841,50117.190554,1261.983875
29.9000,106598.164201,141715.848637,50407.361409,1269.272166
29.9500,105964.212630,142051.560142,50698.223510,1276.577575
30.0000,105332.532264,142384.297900,50989.770773,1283.899947
30.0500,104703.140412,142714.050863,51281.997091,1291.239125
30.1000,104076.053999,143040.808393,51574.896335,1298.594954
30.1500,103451.289566,143364.560256,51868.462352,1305.967277
30.2000,102828.863268,143685.296626,52162.688971,1313.355936
30.2500,102208.790874,144003.008081,52457.570001,1320.760773
30.3000,101591.087775,144317.685599,52753.099231,1328.181629
30.3500,100975.768972,144629.320565,53049.270433,1335.618346
30.4000,100362.849089,144937.904759,53346.077361,1343.070765
30.4500,99752.342366,145243.430362,53643.513752,1350.538725
30.5000,99144.262663,145545.889952,53941.573330,1358.022067
30.5500,98538.623460,145845.276500,54240.249801,1365.520629
30.6000,97935.437858,146141.583372,54539.536859,1373.034252
30.6500,97334.718583,146434.804323,54839.428184,1380.562774
30.7000,96736.477982,146724.933497,55139.917444,1388.106034
30.7500,96140.728030,147011.965426,55440.998295,1395.663869
30.8000,95547.480326,147295.895024,55742.664383,1403.236119
30.8500,94956.746102,147576.717588,56044.909342,1410.822620
30.9000,94368.536216,147854.428794,56347.726799,1418.423209
30.9500,93782.861160,148129.024694,56651.110371,1426.037726
31.0000,93199.731059,148400.501716,56955.053669,1433.666005
31.0500,92619.155675,148668.856657,57259.550295,1441.307885
31.1000,92041.144407,148934.086684,57564.593846,1448.963203
31.1500,91465.706294,149196.189329,57870.177913,1456.631794
31.2000,90892.850017,149455.162487,58176.296083,1464.313496
31.2500,90322.583902,149711.004412,58482.941939,1472.008145
31.3000,89754.915921,149963.713715,58790.109061,1479.715577
31.3500,89189.853696,150213.289361,59097.791024,1487.435629
31.4000,88627.404499,150459.730665,59405.981405,1495.168137
31.4500,88067.575258,150703.037288,59714.673778,1502.912937
31.5000,87510.372555,150943.209236,60023.861716,1510.669866
31.5500,86955.802636,151180.246855,60333.538794,1518.438760
31.6000,86403.871404,151414.150826,60643.698587,1526.219455
31.6500,85854.584430,151644.922166,60954.334672,1534.011788
31.7000,85307.946951,151872.562219,61265.440628,1541.815595
31.7500,84763.963877,152097.072659,61577.010038,1549.630713
31.8000,84222.639790,152318.455479,61889.036489,1557.456979
31.8500,83683.978948,152536.712991,62201.513570,1565.294228
31.9000,83147.985289,152751.847826,62514.434878,1573.142299
31.9500,82614.662435,152963.862922,62827.794014,1581.001028
32.0000,82084.013692,153172.761527,63141.584587,1588.870252
32.0500,81556.042057,153378.547192,63455.800209,1596.749810
32.1000,81030.750217,153581.223768,63770.434505,1604.639538
32.1500,80508.140557,153780.795402,64085.481105,1612.539274
32.2000,79988.215159,153977.266534,64400.933648,1620.448857
32.2500,79470.975808,154170.641892,64716.785783,1628.368125
32.3000,78956.423994,154360.926486,65033.031168,1636.296916
32.3500,78444.560917,154548.125610,65349.663473,1644.235070
32.4000,77935.387488,154732.244831,65666.676378,1652.182425
32.4500,77428.904335,154913.289989,65984.063576,1660.138821
32.5000,76925.111804,155091.267193,66301.818771,1668.104098
32.5500,76424.009965,155266.182816,66619.935679,1676.078095
32.6000,75925.598614,155438.043491,66938.408033,1684.060655
32.6500,75429.877278,155606.856104,67257.229575,1692.051616
32.7000,74936.845215,155772.627798,67576.394065,1700.050821
32.7500,74446.501421,155935.365959,67895.895276,1708.058111
32.8000,73958.844635,156095.078220,68215.726997,1716.073328
32.8500,73473.873336,156251.772450,68535.883034,1724.096314
32.9000,72991.585755,156405.456757,68856.357208,1732.126913
32.9500,72511.979872,156556.139477,69177.143356,1740.164967
33.0000,72035.053423,156703.829175,69498.235334,1748.210320
33.0500,71560.803903,156848.534639,69819.627016,1756.262817
33.1000,71089.228569,156990.264875,70141.312293,1764.322302
33.1500,70620.324445,157129.029103,70463.285075,1772.388621
33.2000,70154.088323,157264.836754,70785.539292,1780.461618
33.2500,69690.516770,157397.697468,71108.068892,1788.541140
33.3000,69229.606131,157527.621084,71430.867845,1796.627034
33.3500,68771.352530,157654.617640,71753.930139,1804.719146
33.4000,68315.751877,157778.697369,72077.249784,1812.817325
33.4500,67862.799868,157899.870695,72400.820812,1820.921419
33.5000,67412.491993,158018.148225,72724.637275,1829.031276
33.5500,66964.823537,158133.540752,73048.693248,1837.146747
33.6000,66519.789583,158246.059244,73372.982828,1845.267680
33.6500,66077.385018,158355.714844,73697.500135,1853.393927
33.7000,65637.604535,158462.518865,74022.239310,1861.525338
33.7500,65200.442637,158566.482786,74347.194521,1869.661765
33.8000,64765.893640,158667.618248,74672.359957,1877.803061
33.8500,64333.951678,158765.937051,74997.729831,1885.949079
33.9000,63904.610705,158861.451149,75323.298382,1894.099672
33.9500,63477.864501,158954.172644,75649.059873,1902.254694
34.0000,63053.706671,159044.113789,75975.008590,1910.414001
34.0500,62632.130654,159131.286976,76301.138848,1918.577447
34.1000,62213.129722,159215.704738,76627.444984,1926.744889
34.1500,61796.696987,159297.379742,76953.921363,1934.916184
34.2000,61382.825403,159376.324786,77280.562376,1943.091189
34.2500,60971.507766,159452.552797,77607.362438,1951.269762
34.3000,60562.736725,159526.076826,77934.315994,1959.451762
34.3500,60156.504779,159596.910043,78261.417514,1967.637050
34.4000,59752.804282,159665.065735,78588.661496,1975.825484
34.4500,59351.627449,159730.557303,78916.042463,1984.016926
34.5000,58952.966355,159793.398257,79243.554970,1992.211238
34.5500,58556.812941,159853.602213,79571.193594,2000.408282
34.6000,58163.159018,159911.182888,79898.952946,2008.607920
34.6500,57771.996269,159966.154100,80226.827661,2016.810018
34.7000,57383.316251,160018.529762,80554.812404,2025.014439
34.7500,56997.110399,160068.323879,80882.901869,2033.221049
34.8000,56613.370033,160115.550545,81211.090778,2041.429713
34.8500,56232.086354,160160.223939,81539.373881,2049.640299
34.9000,55853.250454,160202.358322,81867.745961,2057.852673
34.9500,55476.853313,160241.968035,82196.201825,2066.066705
35.0000,55102.885809,160279.067492,82524.736314,2074.282263
35.0500,54731.338713,160313.671184,82853.344297,2082.499217
35.1000,54362.202699,160345.793666,83182.020671,2090.717437
35.1500,53995.468344,160375.449564,83510.760365,2098.936795
35.2000,53631.126129,160402.653564,83839.558339,2107.157162
35.2500,53269.166447,160427.420414,84168.409579,2115.378412
35.3000,52909.579599,160449.764917,84497.309107,2123.600419
35.3500,52552.355804,160469.701931,84826.251970,2131.823056
35.4000,52197.485198,160487.246368,85155.233250,2140.046198
35.4500,51844.957835,160502.413183,85484.248056,2148.269723
35.5000,51494.763695,160515.217381,85813.291530,2156.493506
35.5500,51146.892682,160525.674007,86142.358843,2164.717425
35.6000,50801.334628,160533.798148,86471.445199,2172.941358
35.6500,50458.079298,160539.604927,86800.545832,2181.165184
35.7000,50117.116390,160543.109500,87129.656006,2189.388784
35.7500,49778.435536,160544.327059,87458.771018,2197.612037
35.8000,49442.026310,160543.272821,87787.886195,2205.834827
35.8500,49107.878226,160539.962031,88116.996895,2214.057034
35.9000,48775.980741,160534.409960,88446.098507,2222.278541
35.9500,48446.323260,160526.631897,88775.186454,2230.499234
36.0000,48118.895135,160516.643154,89104.256188,2238.718996
36.0500,47793.685670,160504.459058,89433.303191,2246.937713
36.1000,47470.684122,160490.094950,89762.322980,2255.155271
36.1500,47149.879703,160473.566182,90091.311101,2263.371557
36.2000,46831.261585,160454.888120,90420.263133,2271.586460
36.2500,46514.818899,160434.076132,90749.174684,2279.799868
36.3000,46200.540738,160411.145596,91078.041397,2288.011670
36.3500,45888.416159,160386.111890,91406.858944,2296.221757
36.4000,45578.434188,160358.990394,91735.623029,2304.430020
36.4500,45270.583818,160329.796487,92064.329389,2312.636351
36.5000,44964.854014,160298.545544,92392.973789,2320.840643
36.5500,44661.233713,160265.252937,92721.552030,2329.042789
36.6000,44359.711828,160229.934027,93050.059942,2337.242684
36.6500,44060.277247,160192.604170,93378.493386,2345.440222
36.7000,43762.918839,160153.278706,93706.848255,2353.635300
36.7500,43467.625453,160111.972968,94035.120475,2361.827814
36.8000,43174.385920,160068.702268,94363.306002,2370.017662
36.8500,42883.189057,160023.481905,94691.400822,2378.204743
36.9000,42594.023666,159976.327159,95019.400956,2386.388956
36.9500,42306.878538,159927.253289,95347.302452,2394.570200
37.0000,42021.742452,159876.275534,95675.101393,2402.748376
37.0500,41738.604181,159823.409107,96002.793891,2410.923386
37.1000,41457.452491,159768.669196,96330.376090,2419.095133
37.1500,41178.276140,159712.070965,96657.844165,2427.263519
37.2000,40901.063885,159653.629547,96985.194322,2435.428448
37.2500,40625.804481,159593.360046,97312.422797,2443.589826
37.3000,40352.486683,159531.277534,97639.525859,2451.747557
37.3500,40081.099245,159467.397051,97966.499806,2459.901549
37.4000,39811.630926,159401.733603,98293.340968,2468.051707
37.4500,39544.070487,159334.302160,98620.045706,2476.197940
37.5000,39278.406697,159265.117653,98946.610409,2484.340158
37.5500,39014.628331,159194.194979,99273.031501,2492.478268
37.6000,38752.724172,159121.548991,99599.305431,2500.612181
37.6500,38492.683011,159047.194504,99925.428684,2508.741810
37.7000,38234.493654,158971.146289,100251.397771,2516.867064
37.7500,37978.144917,158893.419076,100577.209236,2524.987857
37.8000,37723.625629,158814.027547,100902.859652,2533.104102
37.8500,37470.924635,158732.986341,101228.345622,2541.215713
37.9000,37220.030796,158650.310051,101553.663779,2549.322606
37.9500,36970.932990,158566.013219,101878.810786,2557.424695
38.0000,36723.620113,158480.110340,102203.783336,2565.521897
38.0500,36478.081080,158392.615860,102528.578151,2573.614129
38.1000,36234.304829,158303.544172,102853.191983,2581.701310
38.1500,35992.280318,158212.909618,103177.621614,2589.783357
38.2000,35751.996527,158120.726487,103501.863854,2597.860190
38.2500,35513.442461,158027.009016,103825.915544,2605.931730
38.3000,35276.607149,157931.771384,104149.773552,2613.997897
38.3500,35041.479648,157835.027717,104473.434778,2622.058612
38.4000,34808.049037,157736.792085,104796.896147,2630.113799
38.4500,34576.304428,157637.078498,105120.154615,2638.163380
38.5000,34346.234959,157535.900911,105443.207168,2646.207280
38.5500,34117.829796,157433.273219,105766.050818,2654.245421
38.6000,33891.078137,157329.209259,106088.682607,2662.277731
38.6500,33665.969212,157223.722804,106411.099604,2670.304135
38.7000,33442.492280,157116.827572,106733.298908,2678.324559
38.7500,33220.636636,157008.537214,107055.277644,2686.338932
38.8000,33000.391607,156898.865322,107377.032966,2694.347181
38.8500,32781.746553,156787.825426,107698.562057,2702.349235
38.9000,32564.690871,156675.430989,108019.862125,2710.345023
38.9500,32349.213993,156561.695414,108340.930407,2718.334477
39.0000,32135.305386,156446.632037,108661.764169,2726.317527
39.0500,31922.954556,156330.254131,108982.360700,2734.294104
39.1000,31712.151044,156212.574902,109302.717321,2742.264141
39.1500,31502.884434,156093.607491,109622.831377,2750.227572
39.2000,31295.144343,155973.364972,109942.700241,2758.184329
39.2500,31088.920431,155851.860351,110262.321311,2766.134347
39.3000,30884.202398,155729.106571,110581.692015,2774.077561
39.3500,30680.979983,155605.116502,110900.809803,2782.013908
39.4000,30479.242967,155479.902949,111219.672156,2789.943323
39.4500,30278.981172,155353.478649,111538.276578,2797.865743
39.5000,30080.184464,155225.856267,111856.620600,2805.781107
39.5500,29882.842748,155097.048404,112174.701779,2813.689353
39.6000,29686.945976,154967.067586,112492.517697,2821.590419
39.6500,29492.484140,154835.926273,112810.065963,2829.484247
39.7000,29299.447277,154703.636855,113127.344210,2837.370775
39.7500,29107.825470,154570.211649,113444.350098,2845.249945
39.8000,28917.608845,154435.662905,113761.081310,2853.121699
39.8500,28728.787572,154300.002799,114077.535556,2860.985979
39.9000,28541.351870,154163.243438,114393.710570,2868.842728
39.9500,28355.291999,154025.396859,114709.604111,2876.691889
40.0000,28170.598268,153886.475024,115025.213963,2884.533408
40.0500,27987.261033,153746.489828,115340.537932,2892.367228
40.1000,27805.270695,153605.453091,115655.573853,2900.193295
40.1500,27624.617702,153463.376563,115970.319580,2908.011555
40.2000,27445.292550,153320.271922,116284.772994,2915.821955
40.2500,27267.285782,153176.150772,116598.932000,2923.624442
40.3000,27090.587990,153031.024648,116912.794525,2931.418964
40.3500,26915.189812,152884.905011,117226.358522,2939.205470
40.4000,26741.081934,152737.803251,117539.621965,2946.983908
40.4500,26568.255094,152589.730684,117852.582852,2954.754228
40.5000,26396.700074,152440.698555,118165.239205,2962.516382
40.5500,26226.407709,152290.718037,118477.589068,2970.270318
40.6000,26057.368878,152139.800230,118789.630508,2978.015989
40.6500,25889.574514,151987.956161,119101.361616,2985.753347
40.7000,25723.015596,151835.196785,119412.780503,2993.482345
40.7500,25557.683155,151681.532986,119723.885305,3001.202935
40.8000,25393.568268,151526.975575,120034.674178,3008.915072
40.8500,25230.662065,151371.535289,120345.145301,3016.618709
40.9000,25068.955724,151215.222796,120655.296876,3024.313802
40.9500,24908.440473,151058.048688,120965.127126,3032.000306
41.0000,24749.107591,150900.023489,121274.634294,3039.678177
41.0500,24590.948404,150741.157647,121583.816648,3047.347371
41.1000,24433.954292,150581.461542,121892.672473,3055.007845
41.1500,24278.116683,150420.945479,122201.200080,3062.659558
41.2000,24123.427054,150259.619693,122509.397797,3070.302467
41.2500,23969.876935,150097.494346,122817.263974,3077.936530
41.3000,23817.457903,149934.579531,123124.796984,3085.561708
41.3500,23666.161588,149770.885266,123431.995218,3093.177959
41.4000,23515.979670,149606.421502,123738.857088,3100.785244
41.4500,23366.903876,149441.198115,124045.381027,3108.383524
41.5000,23218.925987,149275.224913,124351.565488,3115.972760
41.5500,23072.037832,149108.511632,124657.408943,3123.552914
41.6000,22926.231293,148941.067936,124962.909886,3131.123948
41.6500,22781.498297,148772.903422,125268.066829,3138.685825
41.7000,22637.830827,148604.027615,125572.878304,3146.238508
41.7500,22495.220911,148434.449968,125877.342863,3153.781960
41.8000,22353.660631,148264.179867,126181.459076,3161.316148
41.8500,22213.142117,148093.226628,126485.225533,3168.841033
41.9000,22073.657549,147921.599497,126788.640845,3176.356584
41.9500,21935.199157,147749.307650,127091.703637,3183.862764
42.0000,21797.759221,147576.360195,127394.412558,3191.359540
42.0500,21661.330071,147402.766171,127696.766272,3198.846879
42.1000,21525.904085,147228.534549,127998.763464,3206.324748
42.1500,21391.473693,147053.674230,128300.402834,3213.793115
42.2000,21258.031372,146878.194050,128601.683104,3221.251948
42.2500,21125.569649,146702.102774,128902.603012,3228.701214
42.3000,20994.081102,146525.409102,129203.161314,3236.140884
42.3500,20863.558355,146348.121664,129503.356784,3243.570927
42.4000,20733.994084,146170.249026,129803.188213,3250.991312
42.4500,20605.381012,145991.799685,130102.654411,3258.402010
42.5000,20477.711910,145812.782072,130401.754203,3265.802991
42.5500,20350.979600,145633.204553,130700.486435,3273.194228
42.6000,20225.176951,145453.075426,130998.849965,3280.575691
42.6500,20100.296880,145272.402925,131296.843673,3287.947353
42.7000,19976.332352,145091.195218,131594.466451,3295.309186
42.7500,19853.276382,144909.460408,131891.717213,3302.661163
42.8000,19731.122030,144727.206533,132188.594884,3310.003258
42.8500,19609.862405,144544.441566,132485.098410,3317.335443
42.9000,19489.490664,144361.173418,132781.226751,3324.657695
42.9500,19370.000012,144177.409934,133076.978883,3331.969986
43.0000,19251.383698,143993.158894,133372.353799,3339.272293
43.0500,19133.635022,143808.428020,133667.350506,3346.564589
43.1000,19016.747328,143623.224964,133961.968031,3353.846853
43.1500,18900.714007,143437.557322,134256.205411,3361.119058
43.2000,18785.528498,143251.432623,134550.061704,3368.381183
43.2500,18671.184285,143064.858336,134843.535978,3375.633204
43.3000,18557.674899,142877.841868,135136.627321,3382.875099
43.3500,18444.993916,142690.390564,135429.334832,3390.106845
43.4000,18333.134957,142502.511708,135721.657630,3397.328420
43.4500,18222.091691,142314.212524,136013.594843,3404.539804
43.5000,18111.857830,142125.500175,136305.145619,3411.740974
43.5500,18002.427133,141936.381764,136596.309116,3418.931910
43.6000,17893.793401,141746.864334,136887.084511,3426.112593
43.6500,17785.950484,141556.954869,137177.470992,3433.283001
43.7000,17678.892274,141366.660293,137467.467763,3440.443115
43.7500,17572.612706,141175.987473,137757.074041,3447.592916
43.8000,17467.105761,140984.943215,138046.289058,3454.732386
43.8500,17362.365463,140793.534269,138335.112059,3461.861505
43.9000,17258.385882,140601.767326,138623.542304,3468.980255
43.9500,17155.161128,140409.649021,138911.579065,3476.088619
44.0000,17052.685357,140217.185929,139199.221629,3483.186579
44.0500,16950.952765,140024.384572,139486.469296,3490.274118
44.1000,16849.957594,139831.251412,139773.321379,3497.351218
44.1500,16749.694127,139637.792857,140059.777205,3504.417864
44.2000,16650.156689,139444.015259,140345.836112,3511.474040
44.2500,16551.339648,139249.924914,140631.497453,3518.519729
44.3000,16453.237414,139055.528064,140916.760595,3525.554915
44.3500,16355.844438,138860.830895,141201.624913,3532.579585
44.4000,16259.155213,138665.839538,141486.089800,3539.593723
44.4500,16163.164272,138470.560073,141770.154659,3546.597314
44.5000,16067.866191,138274.998523,142053.818904,3553.590344
44.5500,15973.255585,138079.160860,142337.081964,3560.572800
44.6000,15879.327111,137883.053001,142619.943279,3567.544667
44.6500,15786.075465,137686.680811,142902.402300,3574.505933
44.7000,15693.495383,137490.050103,143184.458493,3581.456584
44.7500,15601.581644,137293.166638,143466.111333,3588.396608
44.8000,15510.329061,137096.036126,143747.360308,3595.325992
44.8500,15419.732492,136898.664223,144028.204916,3602.244725
44.9000,15329.786830,136701.056538,144308.644670,3609.152793
44.9500,15240.487009,136503.218625,144588.679091,3616.050187
45.0000,15151.828002,136305.155992,144868.307713,3622.936895
45.0500,15063.804820,136106.874093,145147.530081,3629.812905
45.1000,14976.412510,135908.378335,145426.345750,3636.678208
45.1500,14889.646161,135709.674075,145704.754289,3643.532792
45.2000,14803.500896,135510.766622,145982.755275,3650.376648
45.2500,14717.971879,135311.661233,146260.348297,3657.209765
45.3000,14633.054308,135112.363121,146537.532955,3664.032135
45.3500,14548.743420,134912.877449,146814.308858,3670.843748
45.4000,14465.034488,134713.209332,147090.675627,3677.644595
45.4500,14381.922823,134513.363838,147366.632895,3684.434668
45.5000,14299.403770,134313.345989,147642.180301,3691.213957
45.5500,14217.472713,134113.160759,147917.317499,3697.982455
45.6000,14136.125068,133912.813077,148192.044150,3704.740153
45.6500,14055.356291,133712.307825,148466.359925,3711.487044
45.7000,13975.161871,133511.649840,148740.264507,3718.223121
45.7500,13895.537331,133310.843913,149013.757588,3724.948376
45.8000,13816.478232,133109.894790,149286.838869,3731.662802
45.8500,13737.980168,132908.807175,149559.508062,3738.366393
45.9000,13660.038767,132707.585724,149831.764887,3745.059143
45.9500,13582.649693,132506.235050,150103.609075,3751.741044
46.0000,13505.808642,132304.759724,150375.040366,3758.412091
46.0500,13429.511346,132103.164272,150646.058508,3765.072278
46.1000,13353.753567,131901.453177,150916.663260,3771.721600
46.1500,13278.531105,131699.630881,151186.854390,3778.360051
46.2000,13203.839790,131497.701781,151456.631674,3784.987626
46.2500,13129.675485,131295.670234,151725.994898,3791.604322
46.3000,13056.034088,131093.540555,151994.943855,3798.210132
46.3500,12982.911526,130891.317015,152263.478350,3804.805053
46.4000,12910.303761,130689.003848,152531.598194,3811.389080
46.4500,12838.206785,130486.605244,152799.303207,3817.962209
46.5000,12766.616623,130284.125354,153066.593219,3824.524438
46.5500,12695.529332,130081.568288,153333.468068,3831.075761
46.6000,12624.940999,129878.938116,153599.927599,3837.616177
46.6500,12554.847743,129676.238869,153865.971667,3844.145682
46.7000,12485.245713,129473.474540,154131.600134,3850.664272
46.7500,12416.131089,129270.649080,154396.812871,3857.171947
46.8000,12347.500081,129067.766402,154661.609757,3863.668702
46.8500,12279.348932,128864.830384,154925.990677,3870.154535
46.9000,12211.673910,128661.844861,155189.955527,3876.629446
46.9500,12144.471318,128458.813634,155453.504210,3883.093431
47.0000,12077.737484,128255.740464,155716.636634,3889.546489
47.0500,12011.468769,128052.629077,155979.352719,3895.988619
47.1000,11945.661560,127849.483160,156241.652390,3902.419819
47.1500,11880.312276,127646.306364,156503.535579,3908.840089
47.2000,11815.417362,127443.102305,156765.002228,3915.249427
47.2500,11750.973293,127239.874562,157026.052283,3921.647833
47.3000,11686.976572,127036.626677,157286.685700,3928.035306
47.3500,11623.423730,126833.362158,157546.902441,3934.411846
47.4000,11560.311325,126630.084478,157806.702475,3940.777453
47.4500,11497.635945,126426.797074,158066.085780,3947.132126
47.5000,11435.394203,126223.503349,158325.052339,3953.475867
47.5500,11373.582741,126020.206673,158583.602142,3959.808675
47.6000,11312.198226,125816.910378,158841.735187,3966.130550
47.6500,11251.237353,125613.617766,159099.451477,3972.441495
47.7000,11190.696845,125410.332105,159356.751024,3978.741509
47.7500,11130.573449,125207.056627,159613.633846,3985.030593
47.8000,11070.863939,125003.794535,159870.099966,3991.308749
47.8500,11011.565117,124800.548996,160126.149415,3997.575979
47.9000,10952.673807,124597.323145,160381.782230,4003.832283
47.9500,10894.186863,124394.120087,160636.998455,4010.077664
48.0000,10836.101160,124190.942893,160891.798140,4016.312124
48.0500,10778.413602,123987.794603,161146.181341,4022.535664
48.1000,10721.121116,123784.678226,161400.148120,4028.748286
48.1500,10664.220655,123581.596739,161653.698545,4034.949994
48.2000,10607.709195,123378.553088,161906.832692,4041.140789
48.2500,10551.583738,123175.550190,162159.550641,4047.320674
48.3000,10495.841310,122972.590930,162411.852478,4053.489652
48.3500,10440.478960,122769.678163,162663.738295,4059.647727
48.4000,10385.493763,122566.814716,162915.208192,4065.794900
48.4500,10330.882815,122364.003383,163166.262271,4071.931176
48.5000,10276.643238,122161.246931,163416.900643,4078.056557
48.5500,10222.772177,121958.548099,163667.123423,4084.171048
48.6000,10169.266798,121755.909593,163916.930732,4090.274652
48.6500,10116.124292,121553.334095,164166.322695,4096.367373
48.7000,10063.341873,121350.824256,164415.299446,4102.449214
48.7500,10010.916776,121148.382698,164663.861122,4108.520181
48.8000,9958.846260,120946.012018,164912.007864,4114.580276
48.8500,9907.127606,120743.714783,165159.739821,4120.629505
48.9000,9855.758115,120541.493533,165407.057146,4126.667872
48.9500,9804.735114,120339.350781,165653.959998,4132.695382
49.0000,9754.055948,120137.289013,165900.448540,4138.712039
49.0500,9703.717985,119935.310689,166146.522940,4144.717849
49.1000,9653.718614,119733.418240,166392.183372,4150.712815
49.1500,9604.055246,119531.614074,166637.430015,4156.696945
49.2000,9554.725314,119329.900571,166882.263052,4162.670242
49.2500,9505.726268,119128.280086,167126.682671,4168.632712
49.3000,9457.055583,118926.754946,167370.689066,4174.584360
49.3500,9408.710752,118725.327456,167614.282433,4180.525193
49.4000,9360.689290,118523.999893,167857.462976,4186.455217
49.4500,9312.988730,118322.774510,168100.230903,4192.374436
49.5000,9265.606628,118121.653537,168342.586423,4198.282856
49.5500,9218.540557,117920.639177,168584.529755,4204.180485
49.6000,9171.788112,117719.733610,168826.061118,4210.067328
49.6500,9125.346906,117518.938990,169067.180739,4215.943392
49.7000,9079.214574,117318.257449,169307.888845,4221.808683
49.7500,9033.388766,117117.691096,169548.185673,4227.663207
49.8000,8987.867154,116917.242014,169788.071459,4233.506971
49.8500,8942.647429,116716.912263,170027.546447,4239.339982
49.9000,8897.727300,116516.703883,170266.610882,4245.162248
49.9500,8853.104495,116316.618887,170505.265017,4250.973774
50.0000,8808.776761,116116.659269,170743.509105,4256.774567
50.0500,8764.741861,115916.826997,170981.343407,4262.564636
50.1000,8720.997579,115717.124019,171218.768184,4268.343987
50.1500,8677.541716,115517.552260,171455.783705,4274.112628
50.2000,8634.372091,115318.113624,171692.390240,4279.870567
50.2500,8591.486540,115118.809992,171928.588063,4285.617809
50.3000,8548.882918,114919.643225,172164.377454,4291.354365
50.3500,8506.559095,114720.615160,172399.758695,4297.080241
50.4000,8464.512962,114521.727616,172634.732072,4302.795444
50.4500,8422.742424,114322.982389,172869.297876,4308.499984
50.5000,8381.245404,114124.381255,173103.456399,4314.193868
50.5500,8340.019843,113925.925969,173337.207938,4319.877105
50.6000,8299.063697,113727.618265,173570.552796,4325.549701
50.6500,8258.374940,113529.459860,173803.491275,4331.211667
50.7000,8217.951562,113331.452446,174036.023684,4336.863010
50.7500,8177.791569,113133.597698,174268.150335,4342.503738
50.8000,8137.892983,112935.897272,174499.871541,4348.133861
50.8500,8098.253843,112738.352802,174731.187620,4353.753387
50.9000,8058.872204,112540.965905,174962.098895,4359.362325
50.9500,8019.746135,112343.738178,175192.605689,4364.960684
51.0000,7980.873723,112146.671198,175422.708331,4370.548471
51.0500,7942.253070,111949.766523,175652.407152,4376.125698
51.1000,7903.882292,111753.025696,175881.702486,4381.692372
51.1500,7865.759522,111556.450236,176110.594670,4387.248503
51.2000,7827.882906,111360.041648,176339.084046,4392.794099
51.2500,7790.250608,111163.801417,176567.170956,4398.329172
51.3000,7752.860804,110967.731009,176794.855748,4403.853728
51.3500,7715.711688,110771.831875,177022.138770,4409.367779
51.4000,7678.801465,110576.105447,177249.020376,4414.871334
51.4500,7642.128357,110380.553137,177475.500921,4420.364402
51.5000,7605.690601,110185.176343,177701.580764,4425.846993
51.5500,7569.486445,109989.976444,177927.260265,4431.319117
51.6000,7533.514154,109794.954804,178152.539789,4436.780784
51.6500,7497.772007,109600.112766,178377.419703,4442.232003
51.7000,7462.258295,109405.451661,178601.900375,4447.672784
51.7500,7426.971326,109210.972801,178825.982179,4453.103139
51.8000,7391.909418,109016.677480,179049.665489,4458.523075
51.8500,7357.070906,108822.566979,179272.950683,4463.932605
51.9000,7322.454135,108628.642561,179495.838141,4469.331737
51.9500,7288.057467,108434.905473,179718.328246,4474.720483
52.0000,7253.879275,108241.356947,179940.421382,4480.098853
52.0500,7219.917945,108047.998197,180162.117939,4485.466857
52.1000,7186.171878,107854.830425,180383.418305,4490.824505
52.1500,7152.639486,107661.854815,180604.322875,4496.171808
52.2000,7119.319195,107469.072536,180824.832042,4501.508778
52.2500,7086.209442,107276.484742,181044.946205,4506.835424
52.3000,7053.308679,107084.092572,181264.665763,4512.151757
52.3500,7020.615369,106891.897152,181483.991119,4517.457788
52.4000,6988.127987,106699.899590,181702.922677,4522.753527
52.4500,6955.845022,106508.100981,181921.460843,4528.038987
52.5000,6923.764974,106316.502406,182139.606028,4533.314177
52.5500,6891.886355,106125.104931,182357.358641,4538.579109
52.6000,6860.207690,105933.909608,182574.719096,4543.833794
52.6500,6828.727514,105742.917474,182791.687809,4549.078242
52.7000,6797.444375,105552.129554,183008.265197,4554.312466
52.7500,6766.356834,105361.546857,183224.451680,4559.536476
52.8000,6735.463462,105171.170380,183440.247680,4564.750283
52.8500,6704.762840,104981.001106,183655.653620,4569.953900
52.9000,6674.253564,104791.040004,183870.669927,4575.147337
52.9500,6643.934238,104601.288029,184085.297027,4580.330605
53.0000,6613.803480,104411.746125,184299.535351,4585.503717
53.0500,6583.859917,104222.415222,184513.385331,4590.666683
53.1000,6554.102187,104033.296236,184726.847399,4595.819516
53.1500,6524.528942,103844.390071,184939.921991,4600.962226
53.2000,6495.138839,103655.697618,185152.609544,4606.094826
53.2500,6465.930553,103467.219757,185364.910498,4611.217328
53.3000,6436.902763,103278.957352,185576.825292,4616.329742
53.3500,6408.054163,103090.911258,185788.354371,4621.432082
53.4000,6379.383455,102903.082317,185999.498177,4626.524358
53.4500,6350.889353,102715.471358,186210.257157,4631.606583
53.5000,6322.570580,102528.079197,186420.631759,4636.678768
53.5500,6294.425870,102340.906641,186630.622432,4641.740925
53.6000,6266.453967,102153.954484,186840.229627,4646.793068
53.6500,6238.653626,101967.223506,187049.453796,4651.835206
53.7000,6211.023609,101780.714479,187258.295395,4656.867354
53.7500,6183.562691,101594.428161,187466.754878,4661.889522
53.8000,6156.269655,101408.365301,187674.832703,4666.901723
53.8500,6129.143294,101222.526633,187882.529329,4671.903969
53.9000,6102.182413,101036.912883,188089.845216,4676.896273
53.9500,6075.385821,100851.524766,188296.780826,4681.878646
54.0000,6048.752343,100666.362984,188503.336622,4686.851101
54.0500,6022.280808,100481.428230,188709.513069,4691.813651
54.1000,5995.970058,100296.721185,188915.310633,4696.766307
54.1500,5969.818942,100112.242520,189120.729782,4701.709083
54.2000,5943.826320,99927.992895,189325.770984,4706.641990
54.2500,5917.991059,99743.972961,189530.434710,4711.565041
54.3000,5892.312035,99560.183356,189734.721431,4716.478249
54.3500,5866.788136,99376.624710,189938.631619,4721.381626
54.4000,5841.418256,99193.297643,190142.165750,4726.275184
54.4500,5816.201298,99010.202763,190345.324298,4731.158937
54.5000,5791.136175,98827.340669,190548.107741,4736.032897
54.5500,5766.221807,98644.711951,190750.516555,4740.897077
54.6000,5741.457123,98462.317187,190952.551220,4745.751489
54.6500,5716.841062,98280.156949,191154.212215,4750.596147
54.7000,5692.372570,98098.231796,191355.500024,4755.431062
54.7500,5668.050601,97916.542279,191556.415127,4760.256248
54.8000,5643.874118,97735.088939,191756.958008,4765.071718
54.8500,5619.842092,97553.872308,191957.129153,4769.877483
54.9000,5595.953503,97372.892909,192156.929047,4774.673559
54.9500,5572.207337,97192.151255,192356.358177,4779.459956
55.0000,5548.602589,97011.647851,192555.417030,4784.236688
55.0500,5525.138263,96831.383193,192754.106096,4789.003769
55.1000,5501.813370,96651.357768,192952.425864,4793.761210
55.1500,5478.626928,96471.572053,193150.376827,4798.509025
55.2000,5455.577964,96292.026517,193347.959474,4803.247228
55.2500,5432.665512,96112.721621,193545.174300,4807.975830
55.3000,5409.888613,95933.657817,193742.021797,4812.694846
55.3500,5387.246317,95754.835549,193938.502462,4817.404288
55.4000,5364.737681,95576.255251,194134.616789,4822.104169
55.4500,5342.361768,95397.917351,194330.365274,4826.794503
55.5000,5320.117650,95219.822267,194525.748416,4831.475302
55.5500,5298.004406,95041.970410,194720.766711,4836.146581
55.6000,5276.021121,94864.362182,194915.420661,4840.808351
55.6500,5254.166889,94686.997977,195109.710763,4845.460626
55.7000,5232.440810,94509.878182,195303.637519,4850.103421
55.7500,5210.841991,94333.003176,195497.201431,4854.736746
55.8000,5189.369546,94156.373329,195690.403000,4859.360617
55.8500,5168.022596,93979.989005,195883.242729,4863.975047
55.9000,5146.800270,93803.850559,196075.721123,4868.580048
55.9500,5125.701701,93627.958340,196267.838685,4873.175633
56.0000,5104.726032,93452.312687,196459.595921,4877.761818
56.0500,5083.872411,93276.913935,196650.993336,4882.338614
56.1000,5063.139992,93101.762408,196842.031437,4886.906035
56.1500,5042.527937,92926.858426,197032.710731,4891.464094
56.2000,5022.035414,92752.202300,197223.031726,4896.012805
56.2500,5001.661597,92577.794334,197412.994930,4900.552182
56.3000,4981.405667,92403.634825,197602.600852,4905.082238
56.3500,4961.266811,92229.724065,197791.850002,4909.602985
56.4000,4941.244222,92056.062335,197980.742891,4914.114439
56.4500,4921.337101,91882.649914,198169.280028,4918.616611
56.5000,4901.544653,91709.487069,198357.461926,4923.109516
56.5500,4881.866091,91536.574066,198545.289096,4927.593168
56.6000,4862.300631,91363.911159,198732.762051,4932.067579
56.6500,4842.847500,91191.498598,198919.881303,4936.532763
56.7000,4823.505926,91019.336628,199106.647366,4940.988735
56.7500,4804.275146,90847.425485,199293.060755,4945.435506
56.8000,4785.154403,90675.765399,199479.121982,4949.873092
56.8500,4766.142943,90504.356595,199664.831564,4954.301505
56.9000,4747.240021,90333.199290,199850.190016,4958.720759
56.9500,4728.444896,90162.293696,200035.197853,4963.130868
57.0000,4709.756833,89991.640018,200219.855592,4967.531845
57.0500,4691.175103,89821.238457,200404.163750,4971.923704
57.1000,4672.698982,89651.089206,200588.122843,4976.306459
57.1500,4654.327753,89481.192451,200771.733388,4980.680123
57.2000,4636.060703,89311.548375,200954.995904,4985.044710
57.2500,4617.897124,89142.157153,201137.910909,4989.400234
57.3000,4599.836316,88973.018956,201320.478921,4993.746707
57.3500,4581.877581,88804.133947,201502.700460,4998.084145
57.4000,4564.020230,88635.502286,201684.576044,5002.412560
57.4500,4546.263575,88467.124124,201866.106193,5006.731967
57.5000,4528.606938,88298.999610,202047.291426,5011.042378
57.5500,4511.049642,88131.128885,202228.132264,5015.343809
57.6000,4493.591019,87963.512085,202408.629228,5019.636271
57.6500,4476.230402,87796.149343,202588.782838,5023.919780
57.7000,4458.967132,87629.040782,202768.593614,5028.194348
57.7500,4441.800554,87462.186525,202948.062079,5032.459991
57.8000,4424.730018,87295.586685,203127.188753,5036.716720
57.8500,4407.754880,87129.241374,203305.974158,5040.964550
57.9000,4390.874499,86963.150695,203484.418816,5045.203496
57.9500,4374.088241,86797.314749,203662.523250,5049.433570
58.0000,4357.395475,86631.733630,203840.287981,5053.654786
58.0500,4340.795575,86466.407428,204017.713532,5057.867158
58.1000,4324.287922,86301.336227,204194.800426,5062.070700
58.1500,4307.871898,86136.520109,204371.549185,5066.265425
58.2000,4291.546892,85971.959148,204547.960332,5070.451348
58.2500,4275.312298,85807.653413,204724.034392,5074.628482
58.3000,4259.167514,85643.602972,204899.771886,5078.796841
58.3500,4243.111942,85479.807884,205075.173338,5082.956439
58.4000,4227.144988,85316.268206,205250.239273,5087.107289
58.4500,4211.266065,85152.983990,205424.970212,5091.249405
58.5000,4195.474588,84989.955283,205599.366682,5095.382801
58.5500,4179.769977,84827.182127,205773.429204,5099.507491
58.6000,4164.151657,84664.664561,205947.158303,5103.623489
58.6500,4148.619057,84502.402618,206120.554503,5107.730808
58.7000,4133.171610,84340.396329,206293.618328,5111.829462
58.7500,4117.808753,84178.645717,206466.350303,5115.919465
58.8000,4102.529929,84017.150803,206638.750951,5120.000831
58.8500,4087.334583,83855.911605,206810.820796,5124.073573
58.9000,4072.222166,83694.928135,206982.560363,5128.137706
58.9500,4057.192131,83534.200401,207153.970176,5132.193243
59.0000,4042.243936,83373.728407,207325.050759,5136.240197
59.0500,4027.377045,83213.512153,207495.802637,5140.278584
59.1000,4012.590923,83053.551636,207666.226334,5144.308415
59.1500,3997.885042,82893.846847,207836.322374,5148.329706
59.2000,3983.258874,82734.397774,208006.091281,5152.342470
59.2500,3968.711898,82575.204402,208175.533579,5156.346721
59.3000,3954.243598,82416.266712,208344.649793,5160.342473
59.3500,3939.853457,82257.584679,208513.440447,5164.329739
59.4000,3925.540967,82099.158277,208681.906065,5168.308533
59.4500,3911.305621,81940.987475,208850.047171,5172.278869
59.5000,3897.146916,81783.072238,209017.864289,5176.240760
59.5500,3883.064354,81625.412527,209185.357942,5180.194221
59.6000,3869.057439,81468.008302,209352.528655,5184.139265
59.6500,3855.125679,81310.859516,209519.376950,5188.075907
59.7000,3841.268588,81153.966121,209685.903353,5192.004159
59.7500,3827.485680,80997.328063,209852.108386,5195.924035
59.8000,3813.776475,80840.945287,210017.992573,5199.835550
59.8500,3800.140496,80684.817734,210183.556436,5203.738717
59.9000,3786.577269,80528.945340,210348.800500,5207.633550
59.9500,3773.086325,80373.328040,210513.725286,5211.520062
60.0000,3759.667196,80217.965764,210678.331319,5215.398267
60.0500,3746.319420,80062.858439,210842.619120,5219.268179
60.1000,3733.042536,79908.005988,211006.589213,5223.129812
60.1500,3719.836089,79753.408334,211170.242119,5226.983180
60.2000,3706.699625,79599.065392,211333.578361,5230.828295
60.2500,3693.632695,79444.977078,211496.598461,5234.665173
60.3000,3680.634852,79291.143303,211659.302941,5238.493826
60.3500,3667.705654,79137.563975,211821.692322,5242.314268
60.4000,3654.844660,78984.238999,211983.767127,5246.126513
60.4500,3642.051433,78831.168276,212145.527876,5249.930575
60.5000,3629.325542,78678.351707,212306.975091,5253.726467
60.5500,3616.666554,78525.789187,212468.109292,5257.514203
60.6000,3604.074044,78373.480609,212628.931000,5261.293797
60.6500,3591.547587,78221.425864,212789.440735,5265.065262
60.7000,3579.086762,78069.624839,212949.639019,5268.828612
60.7500,3566.691152,77918.077418,213109.526371,5272.583861
60.8000,3554.360341,77766.783484,213269.103310,5276.331022
60.8500,3542.093919,77615.742916,213428.370356,5280.070109
60.9000,3529.891476,77464.955589,213587.328029,5283.801136
60.9500,3517.752607,77314.421378,213745.976847,5287.524116
61.0000,3505.676908,77164.140152,213904.317329,5291.239063
61.0500,3493.663981,77014.111781,214062.349994,5294.945990
61.1000,3481.713427,76864.336130,214220.075360,5298.644911
61.1500,3469.824854,76714.813062,214377.493945,5302.335840
61.2000,3457.997869,76565.542438,214534.606266,5306.018790
61.2500,3446.232084,76416.524114,214691.412841,5309.693775
61.3000,3434.527115,76267.757948,214847.914188,5313.360808
61.3500,3422.882577,76119.243791,215004.110821,5317.019903
61.4000,3411.298091,75970.981494,215160.003259,5320.671073
61.4500,3399.773280,75822.970905,215315.592017,5324.314333
61.5000,3388.307769,75675.211870,215470.877612,5327.949695
61.5500,3376.901186,75527.704232,215625.860558,5331.577173
61.6000,3365.553163,75380.447832,215780.541371,5335.196781
61.6500,3354.263332,75233.442508,215934.920566,5338.808532
61.7000,3343.031330,75086.688097,216088.998657,5342.412439
61.7500,3331.856795,74940.184432,216242.776158,5346.008517
61.8000,3320.739369,74793.931346,216396.253584,5349.596778
61.8500,3309.678696,74647.928669,216549.431448,5353.177236
61.9000,3298.674422,74502.176226,216702.310262,5356.749905
61.9500,3287.726196,74356.673844,216854.890541,5360.314798
62.0000,3276.833670,74211.421346,217007.172796,5363.871928
62.0500,3265.996498,74066.418552,217159.157539,5367.421308
62.1000,3255.214336,73921.665282,217310.845283,5370.962954
62.1500,3244.486843,73777.161352,217462.236537,5374.496876
62.2000,3233.813681,73632.906576,217613.331814,5378.023090
62.2500,3223.194512,73488.900768,217764.131624,5381.541608
62.3000,3212.629005,73345.143739,217914.636478,5385.052445
62.3500,3202.116826,73201.635296,218064.846884,5388.555612
62.4000,3191.657648,73058.375247,218214.763352,5392.051124
62.4500,3181.251143,72915.363396,218364.386392,5395.538994
62.5000,3170.896986,72772.599547,218513.716511,5399.019235
62.5500,3160.594856,72630.083500,218662.754219,5402.491860
62.6000,3150.344434,72487.815055,218811.500023,5405.956884
62.6500,3140.145400,72345.794009,218959.954430,5409.414318
62.7000,3129.997441,72204.020157,219108.117947,5412.864177
62.7500,3119.900242,72062.493293,219255.991081,5416.306474
62.8000,3109.853493,71921.213209,219403.574338,5419.741222
62.8500,3099.856886,71780.179696,219550.868224,5423.168434
62.9000,3089.910114,71639.392541,219697.873243,5426.588124
62.9500,3080.012872,71498.851531,219844.589902,5430.000305
63.0000,3070.164859,71358.556451,219991.018703,5433.404989
63.0500,3060.365774,71218.507085,220137.160151,5436.802191
63.1000,3050.615320,71078.703215,220283.014750,5440.191923
63.1500,3040.913200,70939.144620,220428.583002,5443.574198
63.2000,3031.259121,70799.831078,220573.865410,5446.949031
63.2500,3021.652791,70660.762368,220718.862476,5450.316433
63.3000,3012.093920,70521.938263,220863.574703,5453.676418
63.3500,3002.582221,70383.358537,221008.002590,5457.029000
63.4000,2993.117409,70245.022964,221152.146640,5460.374191
63.4500,2983.699199,70106.931313,221296.007351,5463.712004
63.5000,2974.327309,69969.083353,221439.585225,5467.042453
63.5500,2965.001462,69831.478853,221582.880759,5470.365550
63.6000,2955.721377,69694.117578,221725.894454,5473.681309
63.6500,2946.486781,69556.999293,221868.626807,5476.989743
63.7000,2937.297398,69420.123761,222011.078317,5480.290865
63.7500,2928.152958,69283.490746,222153.249481,5483.584687
63.8000,2919.053189,69147.100006,222295.140795,5486.871223
63.8500,2909.997824,69010.951301,222436.752756,5490.150486
63.9000,2900.986597,68875.044389,222578.085860,5493.422489
63.9500,2892.019243,68739.379027,222719.140603,5496.687245
64.0000,2883.095499,68603.954969,222859.917479,5499.944767
64.0500,2874.215104,68468.771970,223000.416983,5503.195067
64.1000,2865.377801,68333.829781,223140.639609,5506.438159
64.1500,2856.583330,68199.128155,223280.585850,5509.674056
64.2000,2847.831438,68064.666841,223420.256198,5512.902770
64.2500,2839.121870,67930.445588,223559.651148,5516.124315
64.3000,2830.454374,67796.464143,223698.771189,5519.338702
64.3500,2821.828700,67662.722254,223837.616814,5522.545946
64.4000,2813.244601,67529.219665,223976.188514,5525.746060
64.4500,2804.701828,67395.956120,224114.486778,5528.939055
64.5000,2796.200137,67262.931361,224252.512097,5532.124944
64.5500,2787.739285,67130.145132,224390.264960,5535.303741
64.6000,2779.319029,66997.597172,224527.745855,5538.475459
64.6500,2770.939131,66865.287220,224664.955271,5541.640110
64.7000,2762.599351,66733.215016,224801.893695,5544.797706
64.7500,2754.299453,66601.380296,224938.561615,5547.948261
64.8000,2746.039202,66469.782797,225074.959516,5551.091788
64.8500,2737.818363,66338.422253,225211.087886,5554.228298
64.9000,2729.636706,66207.298399,225346.947209,5557.357806
64.9500,2721.494000,66076.410968,225482.537971,5560.480323
65.0000,2713.390016,65945.759692,225617.860656,5563.595862
65.0500,2705.324527,65815.344302,225752.915747,5566.704436
65.1000,2697.297307,65685.164528,225887.703728,5569.806058
65.1500,2689.308133,65555.220100,226022.225082,5572.900740
65.2000,2681.356781,65425.510745,226156.480291,5575.988494
65.2500,2673.443030,65296.036191,226290.469837,5579.069334
65.3000,2665.566661,65166.796164,226424.194200,5582.143272
65.3500,2657.727456,65037.790389,226557.653861,5585.210321
65.4000,2649.925199,64909.018592,226690.849301,5588.270493
65.4500,2642.159673,64780.480495,226823.780997,5591.323800
65.5000,2634.430666,64652.175821,226956.449430,5594.370256
65.5500,2626.737965,64524.104293,227088.855077,5597.409872
65.6000,2619.081359,64396.265630,227220.998417,5600.442662
65.6500,2611.460639,64268.659555,227352.879925,5603.468638
65.7000,2603.875597,64141.285785,227484.500080,5606.487812
65.7500,2596.326026,64014.144039,227615.859356,5609.500196
65.8000,2588.811722,63887.234036,227746.958229,5612.505804
65.8500,2581.332480,63760.555491,227877.797173,5615.504647
65.9000,2573.888098,63634.108122,228008.376664,5618.496738
65.9500,2566.478376,63507.891644,228138.697175,5621.482090
66.0000,2559.103112,63381.905771,228268.759177,5624.460714
66.0500,2551.762109,63256.150217,228398.563146,5627.432623
66.1000,2544.455170,63130.624696,228528.109551,5630.397830
66.1500,2537.182099,63005.328920,228657.398864,5633.356347
66.2000,2529.942702,62880.262600,228786.431556,5636.308186
66.2500,2522.736785,62755.425449,228915.208097,5639.253359
66.3000,2515.564157,62630.817176,229043.728957,5642.191880
66.3500,2508.424627,62506.437491,229171.994604,5645.123759
66.4000,2501.318006,62382.286104,229300.005506,5648.049009
66.4500,2494.244106,62258.362722,229427.762133,5650.967643
66.5000,2487.202740,62134.667053,229555.264949,5653.879673
66.5500,2480.193723,62011.198805,229682.514423,5656.785110
66.6000,2473.216870,61887.957685,229809.511019,5659.683968
66.6500,2466.271998,61764.943397,229936.255204,5662.576258
66.7000,2459.358926,61642.155648,230062.747442,5665.461992
66.7500,2452.477472,61519.594142,230188.988197,5668.341183
66.8000,2445.627458,61397.258584,230314.977933,5671.213843
66.8500,2438.808705,61275.148676,230440.717111,5674.079984
66.9000,2432.021036,61153.264123,230566.206196,5676.939618
66.9500,2425.264275,61031.604626,230691.445648,5679.792756
67.0000,2418.538247,60910.169888,230816.435929,5682.639412
67.0500,2411.842779,60788.959611,230941.177498,5685.479597
67.1000,2405.177698,60667.973494,231065.670816,5688.313323
67.1500,2398.542834,60547.211239,231189.916342,5691.140603
67.2000,2391.938015,60426.672545,231313.914535,5693.961447
67.2500,2385.363073,60306.357112,231437.665852,5696.775869
67.3000,2378.817839,60186.264639,231561.170752,5699.583880
67.3500,2372.302148,60066.394824,231684.429690,5702.385492
67.4000,2365.815833,59946.747366,231807.443122,5705.180717
67.4500,2359.358729,59827.321961,231930.211506,5707.969567
67.5000,2352.930673,59708.118308,232052.735294,5710.752054
67.5500,2346.531503,59589.136103,232175.014942,5713.528189
67.6000,2340.161056,59470.375042,232297.050903,5716.297986
67.6500,2333.819173,59351.834821,232418.843630,5719.061454
67.7000,2327.505695,59233.515136,232540.393577,5721.818607
67.7500,2321.220462,59115.415681,232661.701193,5724.569457
67.8000,2314.963317,58997.536151,232782.766931,5727.314014
67.8500,2308.734105,58879.876241,232903.591241,5730.052290
67.9000,2302.532670,58762.435645,233024.174574,5732.784299
67.9500,2296.358858,58645.214056,233144.517377,5735.510050
68.0000,2290.212516,58528.211167,233264.620101,5738.229557
68.0500,2284.093490,58411.426671,233384.483192,5740.942830
68.1000,2278.001631,58294.860260,233504.107099,5743.649882
68.1500,2271.936788,58178.511628,233623.492268,5746.350723
68.2000,2265.898811,58062.380465,233742.639145,5749.045367
68.2500,2259.887552,57946.466464,233861.548176,5751.733824
68.3000,2253.902865,57830.769315,233980.219806,5754.416105
68.3500,2247.944601,57715.288709,234098.654478,5757.092224
68.4000,2242.012617,57600.024338,234216.852637,5759.762191
68.4500,2236.106766,57484.975890,234334.814726,5762.426018
68.5000,2230.226907,57370.143058,234452.541186,5765.083716
68.5500,2224.372896,57255.525529,234570.032459,5767.735297
68.6000,2218.544590,57141.122994,234687.288987,5770.380772
68.6500,2212.741851,57026.935142,234804.311210,5773.020154
68.7000,2206.964536,56912.961663,234921.099568,5775.653453
68.7500,2201.212509,56799.202244,235037.654500,5778.280681
68.8000,2195.485629,56685.656574,235153.976443,5780.901850
68.8500,2189.783760,56572.324342,235270.065837,5783.516971
68.9000,2184.106766,56459.205236,235385.923119,5786.126055
68.9500,2178.454511,56346.298943,235501.548724,5788.729113
69.0000,2172.826861,56233.605152,235616.943090,5791.326158
69.0500,2167.223680,56121.123549,235732.106650,5793.917201
69.1000,2161.644838,56008.853823,235847.039841,5796.502252
69.1500,2156.090201,55896.795659,235961.743096,5799.081324
69.2000,2150.559638,55784.948746,236076.216848,5801.654428
69.2500,2145.053019,55673.312769,236190.461530,5804.221574
69.3000,2139.570214,55561.887415,236304.477574,5806.782775
69.3500,2134.111094,55450.672371,236418.265412,5809.338041
69.4000,2128.675532,55339.667323,236531.825474,5811.887384
69.4500,2123.263401,55228.871957,236645.158191,5814.430815
69.5000,2117.874573,55118.285958,236758.263992,5816.968345
69.5500,2112.508924,55007.909013,236871.143306,5819.499986
69.6000,2107.166328,54897.740807,236983.796562,5822.025748
69.6500,2101.846662,54787.781027,237096.224186,5824.545644
69.7000,2096.549802,54678.029356,237208.426606,5827.059683
69.7500,2091.275627,54568.485481,237320.404248,5829.567878
69.8000,2086.024014,54459.149086,237432.157538,5832.070239
69.8500,2080.794842,54350.019857,237543.686901,5834.566777
69.9000,2075.587992,54241.097479,237654.992761,5837.057504
69.9500,2070.403344,54132.381636,237766.075542,5839.542430
70.0000,2065.240780,54023.872014,237876.935667,5842.021567
70.0500,2060.100182,53915.568297,237987.573558,5844.494926
70.1000,2054.981432,53807.470170,238097.989637,5846.962518
70.1500,2049.884414,53699.577317,238208.184326,5849.424353
70.2000,2044.809012,53591.889422,238318.158044,5851.880443
70.2500,2039.755112,53484.406171,238427.911212,5854.330799
70.3000,2034.722600,53377.127248,238537.444249,5856.775431
70.3500,2029.711361,53270.052336,238646.757574,5859.214351
70.4000,2024.721284,53163.181121,238755.851603,5861.647570
70.4500,2019.752255,53056.513287,238864.726755,5864.075098
70.5000,2014.804164,52950.048517,238973.383446,5866.496946
70.5500,2009.876900,52843.786496,239081.822093,5868.913126
70.6000,2004.970353,52737.726908,239190.043109,5871.323648
70.6500,2000.084413,52631.869437,239298.046911,5873.728522
70.7000,1995.218972,52526.213768,239405.833912,5876.127761
70.7500,1990.373922,52420.759584,239513.404525,5878.521373
70.8000,1985.549156,52315.506570,239620.759164,5880.909372
70.8500,1980.744566,52210.454410,239727.898239,5883.291766
70.9000,1975.960048,52105.602787,239834.822164,5885.668567
70.9500,1971.195495,52000.951387,239941.531348,5888.039786
71.0000,1966.450803,51896.499892,240048.026201,5890.405433
71.0500,1961.725868,51792.247988,240154.307133,5892.765519
71.1000,1957.020587,51688.195358,240260.374554,5895.120055
71.1500,1952.334856,51584.341687,240366.228870,5897.469052
71.2000,1947.668574,51480.686659,240471.870491,5899.812519
71.2500,1943.021640,51377.229958,240577.299821,5902.150468
71.3000,1938.393951,51273.971269,240682.517269,5904.482909
71.3500,1933.785409,51170.910275,240787.523239,5906.809853
71.4000,1929.195913,51068.046662,240892.318136,5909.131311
71.4500,1924.625364,50965.380114,240996.902365,5911.447293
71.5000,1920.073665,50862.910314,241101.276329,5913.757809
71.5500,1915.540716,50760.636949,241205.440431,5916.062871
71.6000,1911.026422,50658.559702,241309.395074,5918.362488
71.6500,1906.530685,50556.678258,241413.140660,5920.656671
71.7000,1902.053409,50454.992303,241516.677589,5922.945431
71.7500,1897.594499,50353.501520,241620.006261,5925.228778
71.8000,1893.153860,50252.205595,241723.127078,5927.506722
71.8500,1888.731398,50151.104212,241826.040437,5929.779275
71.9000,1884.327018,50050.197058,241928.746738,5932.046446
71.9500,1879.940629,49949.483817,242031.246378,5934.308246
72.0000,1875.572137,49848.964174,242133.539754,5936.564685
72.0500,1871.221450,49748.637815,242235.627263,5938.815773
72.1000,1866.888477,49648.504426,242337.509301,5941.061521
72.1500,1862.573126,49548.563691,242439.186263,5943.301940
72.2000,1858.275308,49448.815297,242540.658543,5945.537039
72.2500,1853.994933,49349.258930,242641.926537,5947.766829
72.3000,1849.731912,49249.894275,242742.990636,5949.991320
72.3500,1845.486155,49150.721019,242843.851234,5952.210522
72.4000,1841.257574,49051.738848,242944.508723,5954.424446
72.4500,1837.046083,48952.947447,243044.963494,5956.633102
72.5000,1832.851593,48854.346505,243145.215937,5958.836500
72.5500,1828.674018,48755.935706,243245.266444,5961.034650
72.6000,1824.513272,48657.714738,243345.115404,5963.227563
72.6500,1820.369270,48559.683288,243444.763204,5965.415248
72.7000,1816.241926,48461.841043,243544.210234,5967.597716
72.7500,1812.131156,48364.187690,243643.456881,5969.774977
72.8000,1808.036876,48266.722916,243742.503533,5971.947040
72.8500,1803.959002,48169.446409,243841.350574,5974.113917
72.9000,1799.897452,48072.357856,243939.998391,5976.275617
72.9500,1795.852142,47975.456946,244038.447370,5978.432150
73.0000,1791.822990,47878.743365,244136.697893,5980.583527
73.0500,1787.809916,47782.216803,244234.750345,5982.729757
73.1000,1783.812838,47685.876947,244332.605109,5984.870850
73.1500,1779.831675,47589.723487,244430.262568,5987.006816
73.2000,1775.866348,47493.756110,244527.723103,5989.137665
73.2500,1771.916776,47397.974505,244624.987095,5991.263408
73.3000,1767.982881,47302.378362,244722.054925,5993.384054
73.3500,1764.064584,47206.967369,244818.926973,5995.499613
73.4000,1760.161806,47111.741216,244915.603618,5997.610095
73.4500,1756.274470,47016.699593,245012.085238,5999.715510
73.5000,1752.402499,46921.842189,245108.372212,6001.815867
73.5500,1748.545816,46827.168694,245204.464917,6003.911178
73.6000,1744.704343,46732.678799,245300.363729,6006.001450
73.6500,1740.878007,46638.372193,245396.069025,6008.086695
73.7000,1737.066730,46544.248568,245491.581180,6010.166922
73.7500,1733.270438,46450.307613,245586.900569,6012.242141
73.8000,1729.489056,46356.549020,245682.027566,6014.312362
73.8500,1725.722511,46262.972481,245776.962544,6016.377594
73.9000,1721.970727,46169.577686,245871.705877,6018.437847
73.9500,1718.233633,46076.364326,245966.257937,6020.493132
74.0000,1714.511155,45983.332095,246060.619095,6022.543456
74.0500,1710.803221,45890.480683,246154.789722,6024.588831
74.1000,1707.109759,45797.809784,246248.770189,6026.629266
74.1500,1703.430697,45705.319089,246342.560865,6028.664771
74.2000,1699.765964,45613.008291,246436.162120,6030.695355
74.2500,1696.115489,45520.877084,246529.574322,6032.721028
74.3000,1692.479203,45428.925160,246622.797838,6034.741799
74.3500,1688.857034,45337.152213,246715.833037,6036.757679
74.4000,1685.248914,45245.557936,246808.680285,6038.768676
74.4500,1681.654773,45154.142023,246901.339947,6040.774800
74.5000,1678.074543,45062.904169,246993.812389,6042.776062
74.5500,1674.508155,44971.844067,247086.097975,6044.772469
74.6000,1670.955542,44880.961413,247178.197071,6046.764032
74.6500,1667.416636,44790.255901,247270.110038,6048.750761
74.7000,1663.891369,44699.727226,247361.837241,6050.732665
74.7500,1660.379676,44609.375084,247453.379040,6052.709752
74.8000,1656.881489,44519.199170,247544.735799,6054.682034
74.8500,1653.396743,44429.199180,247635.907877,6056.649518
74.9000,1649.925373,44339.374810,247726.895635,6058.612216
74.9500,1646.467312,44249.725757,247817.699434,6060.570135
75.0000,1643.022496,44160.251717,247908.319631,6062.523285
75.0500,1639.590861,44070.952387,247998.756585,6064.471676
75.1000,1636.172343,43981.827464,248089.010655,6066.415318
75.1500,1632.766878,43892.876646,248179.082197,6068.354218
75.2000,1629.374402,43804.099630,248268.971568,6070.288388
75.2500,1625.994852,43715.496114,248358.679124,6072.217835
75.3000,1622.628167,43627.065798,248448.205220,6074.142569
75.3500,1619.274283,43538.808378,248537.550212,6076.062600
75.4000,1615.933139,43450.723554,248626.714452,6077.977937
75.4500,1612.604674,43362.811025,248715.698296,6079.888589
75.5000,1609.288825,43275.070490,248804.502095,6081.794566
75.5500,1605.985533,43187.501649,248893.126202,6083.695875
75.6000,1602.694736,43100.104202,248981.570969,6085.592527
75.6500,1599.416374,43012.877850,249069.836746,6087.484531
75.7000,1596.150389,42925.822291,249157.923885,6089.371897
75.7500,1592.896720,42838.937228,249245.832734,6091.254632
75.8000,1589.655307,42752.222361,249333.563644,6093.132746
75.8500,1586.426094,42665.677392,249421.116962,6095.006249
75.9000,1583.209020,42579.302023,249508.493037,6096.875149
75.9500,1580.004027,42493.095954,249595.692216,6098.739455
76.0000,1576.811059,42407.058889,249682.714846,6100.599177
76.0500,1573.630057,42321.190530,249769.561273,6102.454324
76.1000,1570.460965,42235.490580,249856.231842,6104.304904
76.1500,1567.303725,42149.958743,249942.726899,6106.150927
76.2000,1564.158281,42064.594720,250029.046788,6107.992402
76.2500,1561.024577,41979.398217,250115.191852,6109.829337
76.3000,1557.902557,41894.368937,250201.162435,6111.661742
76.3500,1554.792165,41809.506585,250286.958879,6113.489625
76.4000,1551.693347,41724.810864,250372.581525,6115.312996
76.4500,1548.606047,41640.281482,250458.030717,6117.131863
76.5000,1545.530211,41555.918141,250543.306793,6118.946235
76.5500,1542.465784,41471.720549,250628.410094,6120.756121
76.6000,1539.412712,41387.688411,250713.340960,6122.561531
76.6500,1536.370942,41303.821432,250798.099730,6124.362472
76.7000,1533.340421,41220.119321,250882.686741,6126.158954
76.7500,1530.321094,41136.581783,250967.102331,6127.950985
76.8000,1527.312910,41053.208526,251051.346838,6129.738575
76.8500,1524.315817,40969.999258,251135.420598,6131.521731
76.9000,1521.329760,40886.953685,251219.323947,6133.300464
76.9500,1518.354690,40804.071516,251303.057220,6135.074781
77.0000,1515.390554,40721.352461,251386.620752,6136.844692
77.0500,1512.437300,40638.796226,251470.014877,6138.610205
77.1000,1509.494879,40556.402522,251553.239928,6140.371328
77.1500,1506.563238,40474.171058,251636.296238,6142.128071
77.2000,1503.642329,40392.101544,251719.184140,6143.880442
77.2500,1500.732099,40310.193689,251801.903965,6145.628450
77.3000,1497.832500,40228.447205,251884.456044,6147.372103
77.3500,1494.943482,40146.861802,251966.840708,6149.111411
77.4000,1492.064995,40065.437190,252049.058287,6150.846381
77.4500,1489.196991,39984.173083,252131.109110,6152.577023
77.5000,1486.339420,39903.069190,252212.993506,6154.303344
77.5500,1483.492234,39822.125225,252294.711803,6156.025354
77.6000,1480.655385,39741.340899,252376.264329,6157.743061
77.6500,1477.828824,39660.715926,252457.651410,6159.456474
77.7000,1475.012504,39580.250018,252538.873373,6161.165601
77.7500,1472.206378,39499.942889,252619.930543,6162.870450
77.8000,1469.410398,39419.794253,252700.823247,6164.571030
77.8500,1466.624518,39339.803824,252781.551808,6166.267350
77.9000,1463.848689,39259.971316,252862.116551,6167.959418
77.9500,1461.082867,39180.296444,252942.517798,6169.647243
78.0000,1458.327005,39100.778923,253022.755873,6171.330832
78.0500,1455.581057,39021.418470,253102.831099,6173.010195
78.1000,1452.844977,38942.214798,253182.743796,6174.685339
78.1500,1450.118720,38863.167626,253262.494287,6176.356274
78.2000,1447.402241,38784.276669,253342.082890,6178.023007
78.2500,1444.695494,38705.541644,253421.509928,6179.685547
78.3000,1441.998435,38626.962268,253500.775717,6181.343902
78.3500,1439.311020,38548.538259,253579.880579,6182.998080
78.4000,1436.633205,38470.269335,253658.824830,6184.648091
78.4500,1433.964944,38392.155214,253737.608789,6186.293941
78.5000,1431.306196,38314.195615,253816.232772,6187.935640
78.5500,1428.656915,38236.390257,253894.697096,6189.573196
78.6000,1426.017060,38158.738859,253973.002078,6191.206616
78.6500,1423.386586,38081.241140,254051.148031,6192.835910
78.7000,1420.765451,38003.896822,254129.135271,6194.461085
78.7500,1418.153614,37926.705623,254206.964112,6196.082149
78.8000,1415.551030,37849.667266,254284.634869,6197.699111
78.8500,1412.957658,37772.781471,254362.147852,6199.311980
78.9000,1410.373457,37696.047959,254439.503377,6200.920762
78.9500,1407.798385,37619.466452,254516.701753,6202.525466
79.0000,1405.232399,37543.036673,254593.743293,6204.126101
79.0500,1402.675460,37466.758345,254670.628307,6205.722674
79.1000,1400.127526,37390.631189,254747.357105,6207.315194
79.1500,1397.588556,37314.654929,254823.929998,6208.903669
79.2000,1395.058510,37238.829290,254900.347293,6210.488106
79.2500,1392.537348,37163.153994,254976.609301,6212.068514
79.3000,1390.025029,37087.628767,255052.716327,6213.644901
79.3500,1387.521513,37012.253332,255128.668681,6215.217275
79.4000,1385.026762,36937.027416,255204.466668,6216.785643
79.4500,1382.540735,36861.950743,255280.110595,6218.350015
79.5000,1380.063393,36787.023039,255355.600768,6219.910397
79.5500,1377.594697,36712.244031,255430.937491,6221.466798
79.6000,1375.134609,36637.613445,255506.121070,6223.019226
79.6500,1372.683089,36563.131008,255581.151808,6224.567688
79.7000,1370.240100,36488.796448,255656.030008,6226.112193
79.7500,1367.805603,36414.609491,255730.755974,6227.652749
79.8000,1365.379560,36340.569866,255805.330008,6229.189363
79.8500,1362.961934,36266.677301,255879.752411,6230.722043
79.9000,1360.552686,36192.931526,255954.023485,6232.250798
79.9500,1358.151780,36119.332268,256028.143530,6233.775634
80.0000,1355.759178,36045.879258,256102.112847,6235.296560
80.0500,1353.374844,35972.572226,256175.931735,6236.813584
80.1000,1350.998739,35899.410902,256249.600493,6238.326714
80.1500,1348.630829,35826.395015,256323.119419,6239.835956
80.2000,1346.271076,35753.524299,256396.488812,6241.341320
80.2500,1343.919444,35680.798483,256469.708968,6242.842812
80.3000,1341.575898,35608.217299,256542.780184,6244.340442
80.3500,1339.240400,35535.780480,256615.702757,6245.834215
80.4000,1336.912917,35463.487757,256688.476983,6247.324140
80.4500,1334.593412,35391.338865,256761.103155,6248.810225
80.5000,1332.281849,35319.333536,256833.581570,6250.292478
80.5500,1329.978195,35247.471503,256905.912521,6251.770905
80.6000,1327.682414,35175.752501,256978.096301,6253.245515
80.6500,1325.394471,35104.176264,257050.133204,6254.716316
80.7000,1323.114332,35032.742526,257122.023521,6256.183315
80.7500,1320.841962,34961.451023,257193.767545,6257.646519
80.8000,1318.577328,34890.301491,257265.365567,6259.105936
80.8500,1316.320394,34819.293664,257336.817878,6260.561575
80.9000,1314.071129,34748.427280,257408.124768,6262.013441
80.9500,1311.829497,34677.702075,257479.286526,6263.461544
81.0000,1309.595465,34607.117785,257550.303443,6264.905890
81.0500,1307.369001,34536.674149,257621.175806,6266.346488
81.1000,1305.150071,34466.370903,257691.903903,6267.783343
81.1500,1302.938641,34396.207787,257762.488022,6269.216465
81.2000,1300.734680,34326.184538,257832.928450,6270.645861
81.2500,1298.538155,34256.300895,257903.225474,6272.071537
81.3000,1296.349033,34186.556599,257973.379379,6273.493502
81.3500,1294.167282,34116.951387,258043.390451,6274.911763
81.4000,1291.992870,34047.485001,258113.258975,6276.326328
81.4500,1289.825765,33978.157180,258182.985234,6277.737203
81.5000,1287.665935,33908.967666,258252.569514,6279.144397
81.5500,1285.513349,33839.916199,258322.012096,6280.547916
81.6000,1283.367976,33771.002521,258391.313264,6281.947768
81.6500,1281.229783,33702.226375,258460.473300,6283.343960
81.7000,1279.098740,33633.587501,258529.492486,6284.736501
81.7500,1276.974816,33565.085643,258598.371103,6286.125396
81.8000,1274.857980,33496.720545,258667.109431,6287.510654
81.8500,1272.748202,33428.491949,258735.707750,6288.892281
81.9000,1270.645451,33360.399598,258804.166341,6290.270286
81.9500,1268.549697,33292.443239,258872.485482,6291.644674
82.0000,1266.460909,33224.622614,258940.665451,6293.015455
82.0500,1264.379058,33156.937469,259008.706527,6294.382634
82.1000,1262.304114,33089.387549,259076.608987,6295.746219
82.1500,1260.236047,33021.972600,259144.373108,6297.106217
82.2000,1258.174828,32954.692368,259211.999167,6298.462636
82.2500,1256.120426,32887.546600,259279.487439,6299.815483
82.3000,1254.072814,32820.535042,259346.838199,6301.164765
82.3500,1252.031962,32753.657442,259414.051724,6302.510488
82.4000,1249.997840,32686.913546,259481.128286,6303.852661
82.4500,1247.970421,32620.303104,259548.068161,6305.191291
82.5000,1245.949675,32553.825864,259614.871620,6306.526383
82.5500,1243.935574,32487.481574,259681.538937,6307.857947
82.6000,1241.928090,32421.269983,259748.070385,6309.185988
82.6500,1239.927195,32355.190841,259814.466235,6310.510514
82.7000,1237.932860,32289.243899,259880.726758,6311.831532
82.7500,1235.945057,32223.428905,259946.852225,6313.149049
82.8000,1233.963760,32157.745611,260012.842906,6314.463072
82.8500,1231.988939,32092.193769,260078.699072,6315.773608
82.9000,1230.020568,32026.773129,260144.420991,6317.080664
82.9500,1228.058619,31961.483443,260210.008931,6318.384248
83.0000,1226.103065,31896.324463,260275.463162,6319.684365
83.0500,1224.153880,31831.295943,260340.783951,6320.981024
83.1000,1222.211035,31766.397634,260405.971564,6322.274230
83.1500,1220.274504,31701.629291,260471.026270,6323.563992
83.2000,1218.344262,31636.990667,260535.948333,6324.850316
83.2500,1216.420280,31572.481516,260600.738020,6326.133208
83.3000,1214.502533,31508.101593,260665.395596,6327.412677
83.3500,1212.590994,31443.850653,260729.921325,6328.688728
83.4000,1210.685637,31379.728451,260794.315471,6329.961369
83.4500,1208.786437,31315.734742,260858.578299,6331.230607
83.5000,1206.893367,31251.869282,260922.710071,6332.496448
83.5500,1205.006401,31188.131829,260986.711051,6333.758899
83.6000,1203.125515,31124.522138,261050.581499,6335.017967
83.6500,1201.250682,31061.039968,261114.321678,6336.273659
83.7000,1199.381878,30997.685074,261177.931850,6337.525982
83.7500,1197.519076,30934.457217,261241.412274,6338.774943
83.8000,1195.662252,30871.356153,261304.763211,6340.020548
83.8500,1193.811381,30808.381642,261367.984921,6341.262804
83.9000,1191.966438,30745.533442,261431.077662,6342.501718
83.9500,1190.127398,30682.811313,261494.041694,6343.737296
84.0000,1188.294237,30620.215016,261556.877275,6344.969546
84.0500,1186.466931,30557.744309,261619.584661,6346.198474
84.1000,1184.645454,30495.398955,261682.164112,6347.424087
84.1500,1182.829782,30433.178713,261744.615883,6348.646392
84.2000,1181.019892,30371.083345,261806.940230,6349.865395
84.2500,1179.215760,30309.112613,261869.137410,6351.081102
84.3000,1177.417361,30247.266280,261931.207677,6352.293521
84.3500,1175.624672,30185.544106,261993.151286,6353.502659
84.4000,1173.837670,30123.945857,262054.968492,6354.708521
84.4500,1172.056330,30062.471294,262116.659549,6355.911114
84.5000,1170.280629,30001.120182,262178.224709,6357.110446
84.5500,1168.510544,29939.892284,262239.664226,6358.306522
84.6000,1166.746052,29878.787365,262300.978351,6359.499350
84.6500,1164.987130,29817.805190,262362.167338,6360.688936
84.7000,1163.233755,29756.945524,262423.231436,6361.875285
84.7500,1161.485903,29696.208132,262484.170898,6363.058406
84.8000,1159.743553,29635.592781,262544.985973,6364.238305
84.8500,1158.006681,29575.099237,262605.676911,6365.414987
84.9000,1156.275266,29514.727266,262666.243963,6366.588460
84.9500,1154.549284,29454.476636,262726.687376,6367.758730
85.0000,1152.828714,29394.347113,262787.007400,6368.925803
85.0500,1151.113533,29334.338467,262847.204282,6370.089686
85.1000,1149.403719,29274.450465,262907.278270,6371.250386
85.1500,1147.699250,29214.682875,262967.229611,6372.407909
85.2000,1146.000105,29155.035468,263027.058552,6373.562261
85.2500,1144.306262,29095.508011,263086.765339,6374.713449
85.3000,1142.617698,29036.100275,263146.350217,6375.861478
85.3500,1140.934393,28976.812030,263205.813431,6377.006357
85.4000,1139.256325,28917.643046,263265.155227,6378.148090
85.4500,1137.583473,28858.593095,263324.375849,6379.286685
85.5000,1135.915816,28799.661947,263383.475540,6380.422147
85.5500,1134.253332,28740.849375,263442.454544,6381.554484
85.6000,1132.596000,28682.155149,263501.313104,6382.683701
85.6500,1130.943800,28623.579043,263560.051461,6383.809804
85.7000,1129.296711,28565.120830,263618.669858,6384.932801
85.7500,1127.654712,28506.780281,263677.168537,6386.052696
85.8000,1126.017782,28448.557172,263735.547738,6387.169498
85.8500,1124.385901,28390.451276,263793.807701,6388.283211
85.9000,1122.759048,28332.462366,263851.948668,6389.393843
85.9500,1121.137204,28274.590219,263909.970877,6390.501398
86.0000,1119.520348,28216.834608,263967.874567,6391.605885
86.0500,1117.908460,28159.195309,264025.659978,6392.707308
86.1000,1116.301519,28101.672098,264083.327347,6393.805675
86.1500,1114.699507,28044.264751,264140.876913,6394.900990
86.2000,1113.102403,27986.973045,264198.308912,6395.993262
86.2500,1111.510187,27929.796756,264255.623581,6397.082494
86.3000,1109.922840,27872.735661,264312.821157,6398.168695
86.3500,1108.340342,27815.789539,264369.901876,6399.251870
86.4000,1106.762674,27758.958167,264426.865973,6400.332025
86.4500,1105.189817,27702.241324,264483.713683,6401.409166
86.5000,1103.621750,27645.638788,264540.445240,6402.483299
86.5500,1102.058456,27589.150339,264597.060880,6403.554431
86.6000,1100.499915,27532.775756,264653.560835,6404.622567
86.6500,1098.946108,27476.514819,264709.945338,6405.687715
86.7000,1097.397016,27420.367307,264766.214623,6406.749879
86.7500,1095.852620,27364.333003,264822.368921,6407.809065
86.8000,1094.312902,27308.411686,264878.408465,6408.865281
86.8500,1092.777843,27252.603138,264934.333486,6409.918532
86.9000,1091.247425,27196.907141,264990.144215,6410.968823
86.9500,1089.721628,27141.323477,265045.840882,6412.016162
87.0000,1088.200435,27085.851928,265101.423718,6413.060553
87.0500,1086.683828,27030.492277,265156.892952,6414.102003
87.1000,1085.171787,26975.244308,265212.248813,6415.140518
87.1500,1083.664296,26920.107804,265267.491530,6416.176105
87.2000,1082.161336,26865.082548,265322.621331,6417.208768
87.2500,1080.662890,26810.168325,265377.638444,6418.238513
87.3000,1079.168938,26755.364921,265432.543097,6419.265348
87.3500,1077.679465,26700.672119,265487.335516,6420.289277
87.4000,1076.194451,26646.089705,265542.015928,6421.310307
87.4500,1074.713879,26591.617466,265596.584559,6422.328443
87.5000,1073.237733,26537.255186,265651.041634,6423.343691
87.5500,1071.765994,26483.002654,265705.387380,6424.356058
87.6000,1070.298645,26428.859655,265759.622020,6425.365549
87.6500,1068.835669,26374.825976,265813.745779,6426.372170
87.7000,1067.377048,26320.901406,265867.758881,6427.375927
87.7500,1065.922766,26267.085733,265921.661549,6428.376825
87.8000,1064.472806,26213.378744,265975.454007,6429.374870
87.8500,1063.027150,26159.780228,266029.136476,6430.370069
87.9000,1061.585782,26106.289975,266082.709180,6431.362427
87.9500,1060.148686,26052.907774,266136.172339,6432.351950
88.0000,1058.715843,25999.633415,266189.526175,6433.338644
88.0500,1057.287238,25946.466687,266242.770910,6434.322513
88.1000,1055.862855,25893.407382,266295.906762,6435.303565
88.1500,1054.442676,25840.455290,266348.933953,6436.281805
88.2000,1053.026685,25787.610203,266401.852702,6437.257238
88.2500,1051.614867,25734.871911,266454.663228,6438.229871
88.3000,1050.207204,25682.240208,266507.365750,6439.199709
88.3500,1048.803681,25629.714885,266559.960486,6440.166757
88.4000,1047.404281,25577.295735,266612.447653,6441.131022
88.4500,1046.008989,25524.982551,266664.827471,6442.092509
88.5000,1044.617788,25472.775127,266717.100154,6443.051223
88.5500,1043.230664,25420.673256,266769.265921,6444.007172
88.6000,1041.847599,25368.676732,266821.324986,6444.960359
88.6500,1040.468578,25316.785351,266873.277567,6445.910790
88.7000,1039.093586,25264.998906,266925.123878,6446.858472
88.7500,1037.722607,25213.317193,266976.864134,6447.803410
88.8000,1036.355626,25161.740007,267028.498550,6448.745610
88.8500,1034.992627,25110.267145,267080.027339,6449.685076
88.9000,1033.633594,25058.898403,267131.450716,6450.621815
88.9500,1032.278514,25007.633577,267182.768894,6451.555832
89.0000,1030.927369,24956.472464,267233.982085,6452.487133
89.0500,1029.580146,24905.414862,267285.090502,6453.415724
89.1000,1028.236828,24854.460568,267336.094356,6454.341609
89.1500,1026.897402,24803.609381,267386.993861,6455.264795
89.2000,1025.561852,24752.861099,267437.789225,6456.185286
89.2500,1024.230163,24702.215520,267488.480661,6457.103089
89.3000,1022.902321,24651.672444,267539.068379,6458.018209
89.3500,1021.578310,24601.231670,267589.552588,6458.930651
89.4000,1020.258117,24550.892998,267639.933499,6459.840420
89.4500,1018.941726,24500.656229,267690.211319,6460.747523
89.5000,1017.629123,24450.521162,267740.386259,6461.651965
89.5500,1016.320294,24400.487599,267790.458525,6462.553751
89.6000,1015.015224,24350.555340,267840.428327,6463.452887
89.6500,1013.713899,24300.724189,267890.295871,6464.349377
89.7000,1012.416304,24250.993945,267940.061365,6465.243228
89.7500,1011.122426,24201.364413,267989.725015,6466.134445
89.8000,1009.832249,24151.835393,268039.287028,6467.023032
89.8500,1008.545762,24102.406690,268088.747609,6467.908997
89.9000,1007.262948,24053.078107,268138.106964,6468.792343
89.9500,1005.983795,24003.849447,268187.365297,6469.673076
90.0000,1004.708288,23954.720514,268236.522815,6470.551202
90.0500,1003.436413,23905.691114,268285.579720,6471.426726
90.1000,1002.168157,23856.761049,268334.536216,6472.299653
90.1500,1000.903507,23807.930127,268383.392508,6473.169989
90.2000,999.642448,23759.198151,268432.148797,6474.037738
90.2500,998.384967,23710.564929,268480.805287,6474.902907
90.3000,997.131050,23662.030265,268529.362181,6475.765500
90.3500,995.880685,23613.593966,268577.819679,6476.625522
90.4000,994.633857,23565.255840,268626.177983,6477.482980
90.4500,993.390553,23517.015694,268674.437295,6478.337878
90.5000,992.150761,23468.873334,268722.597814,6479.190221
90.5500,990.914466,23420.828569,268770.659742,6480.040015
90.6000,989.681656,23372.881207,268818.623278,6480.887264
90.6500,988.452318,23325.031057,268866.488621,6481.731975
90.7000,987.226438,23277.277927,268914.255972,6482.574152
90.7500,986.004004,23229.621626,268961.925527,6483.413800
90.8000,984.785003,23182.061965,269009.497486,6484.250925
90.8500,983.569421,23134.598753,269056.972047,6485.085532
90.9000,982.357247,23087.231800,269104.349407,6485.917625
90.9500,981.148467,23039.960917,269151.629763,6486.747211
91.0000,979.943069,22992.785915,269198.813312,6487.574294
91.0500,978.741040,22945.706605,269245.900251,6488.398879
91.1000,977.542368,22898.722799,269292.890775,6489.220971
91.1500,976.347040,22851.834308,269339.785079,6490.040576
91.2000,975.155043,22805.040946,269386.583360,6490.857699
91.2500,973.966365,22758.342524,269433.285812,6491.672345
91.3000,972.780994,22711.738856,269479.892629,6492.484518
91.3500,971.598918,22665.229755,269526.404006,6493.294224
91.4000,970.420124,22618.815034,269572.820136,6494.101468
91.4500,969.244601,22572.494508,269619.141212,6494.906255
91.5000,968.072335,22526.267990,269665.367428,6495.708590
91.5500,966.903316,22480.135296,269711.498975,6496.508478
91.6000,965.737530,22434.096241,269757.536046,6497.305923
91.6500,964.574967,22388.150639,269803.478833,6498.100932
91.7000,963.415613,22342.298307,269849.327528,6498.893509
91.7500,962.259458,22296.539060,269895.082320,6499.683659
91.8000,961.106490,22250.872716,269940.743401,6500.471387
91.8500,959.956696,22205.299089,269986.310961,6501.256698
91.9000,958.810065,22159.817998,270031.785191,6502.039597
91.9500,957.666585,22114.429260,270077.166278,6502.820088
92.0000,956.526246,22069.132692,270122.454414,6503.598177
92.0500,955.389034,22023.928113,270167.649785,6504.373869
92.1000,954.254940,21978.815340,270212.752582,6505.147169
92.1500,953.123950,21933.794193,270257.762991,6505.918081
92.2000,951.996055,21888.864490,270302.681200,6506.686610
92.2500,950.871242,21844.026051,270347.507398,6507.452762
92.3000,949.749501,21799.278695,270392.241769,6508.216541
92.3500,948.630819,21754.622242,270436.884502,6508.977952
92.4000,947.515187,21710.056513,270481.435783,6509.737000
92.4500,946.402592,21665.581328,270525.895796,6510.493690
92.5000,945.293024,21621.196509,270570.264728,6511.248026
92.5500,944.186471,21576.901876,270614.542763,6512.000013
92.6000,943.082924,21532.697251,270658.730087,6512.749657
92.6500,941.982369,21488.582456,270702.826883,6513.496962
92.7000,940.884798,21444.557313,270746.833336,6514.241933
92.7500,939.790198,21400.621645,270790.749629,6514.984574
92.8000,938.698560,21356.775275,270834.575946,6515.724891
92.8500,937.609872,21313.018026,270878.312469,6516.462888
92.9000,936.524123,21269.349722,270921.959381,6517.198569
92.9500,935.441304,21225.770186,270965.516863,6517.931941
93.0000,934.361403,21182.279242,271008.985099,6518.663007
93.0500,933.284409,21138.876716,271052.364269,6519.391772
93.1000,932.210313,21095.562432,271095.654554,6520.118241
93.1500,931.139104,21052.336215,271138.856135,6520.842419
93.2000,930.070771,21009.197891,271181.969192,6521.564309
93.2500,929.005304,20966.147286,271224.993906,6522.283918
93.3000,927.942693,20923.184225,271267.930456,6523.001250
93.3500,926.882927,20880.308535,271310.779021,6523.716309
93.4000,925.825996,20837.520044,271353.539781,6524.429100
93.4500,924.771890,20794.818577,271396.212913,6525.139628
93.5000,923.720598,20752.203963,271438.798596,6525.847897
93.5500,922.672111,20709.676029,271481.297008,6526.553912
93.6000,921.626419,20667.234604,271523.708327,6527.257677
93.6500,920.583511,20624.879515,271566.032729,6527.959198
93.7000,919.543378,20582.610591,271608.270392,6528.658479
93.7500,918.506009,20540.427662,271650.421491,6529.355524
93.8000,917.471395,20498.330556,271692.486204,6530.050339
93.8500,916.439525,20456.319104,271734.464705,6530.742926
93.9000,915.410390,20414.393135,271776.357171,6531.433293
93.9500,914.383981,20372.552479,271818.163775,6532.121441
94.0000,913.360287,20330.796968,271859.884694,6532.807378
94.0500,912.339299,20289.126432,271901.520101,6533.491106
94.1000,911.321006,20247.540702,271943.070170,6534.172630
94.1500,910.305401,20206.039609,271984.535076,6534.851956
94.2000,909.292472,20164.622987,272025.914991,6535.529087
94.2500,908.282210,20123.290666,272067.210088,6536.204028
94.3000,907.274607,20082.042479,272108.420540,6536.876783
94.3500,906.269651,20040.878259,272149.546519,6537.547358
94.4000,905.267335,19999.797840,272190.588198,6538.215756
94.4500,904.267648,19958.801053,272231.545747,6538.881982
94.5000,903.270582,19917.887734,272272.419339,6539.546040
94.5500,902.276127,19877.057717,272313.209144,6540.207935
94.6000,901.284273,19836.310834,272353.915333,6540.867672
94.6500,900.295012,19795.646922,272394.538075,6541.525254
94.7000,899.308335,19755.065815,272435.077542,6542.180687
94.7500,898.324232,19714.567348,272475.533902,6542.833974
94.8000,897.342694,19674.151357,272515.907324,6543.485120
94.8500,896.363712,19633.817678,272556.197978,6544.134130
94.9000,895.387277,19593.566147,272596.406033,6544.781007
94.9500,894.413380,19553.396600,272636.531656,6545.425757
95.0000,893.442012,19513.308875,272676.575015,6546.068383
95.0500,892.473165,19473.302808,272716.536278,6546.708891
95.1000,891.506829,19433.378236,272756.415612,6547.347284
95.1500,890.542996,19393.534998,272796.213184,6547.983566
95.2000,889.581657,19353.772931,272835.929161,6548.617743
95.2500,888.622802,19314.091873,272875.563708,6549.249817
95.3000,887.666424,19274.491664,272915.116993,6549.879795
95.3500,886.712514,19234.972142,272954.589179,6550.507680
95.4000,885.761062,19195.533147,272993.980434,6551.133476
95.4500,884.812061,19156.174517,273033.290920,6551.757187
95.5000,883.865502,19116.896093,273072.520804,6552.378819
95.5500,882.921376,19077.697715,273111.670249,6552.998375
95.6000,881.979675,19038.579223,273150.739419,6553.615859
95.6500,881.040390,18999.540458,273189.728478,6554.231276
95.7000,880.103514,18960.581261,273228.637589,6554.844630
95.7500,879.169036,18921.701473,273267.466916,6555.455926
95.8000,878.236950,18882.900936,273306.216620,6556.065167
95.8500,877.307247,18844.179491,273344.886864,6556.672358
95.9000,876.379918,18805.536982,273383.477809,6557.277502
95.9500,875.454956,18766.973250,273421.989619,6557.880605
96.0000,874.532351,18728.488138,273460.422453,6558.481670
96.0500,873.612097,18690.081489,273498.776474,6559.080702
96.1000,872.694184,18651.753148,273537.051841,6559.677705
96.1500,871.778605,18613.502956,273575.248715,6560.272683
96.2000,870.865352,18575.330759,273613.367257,6560.865640
96.2500,869.954415,18537.236401,273651.407625,6561.456580
96.3000,869.045789,18499.219725,273689.369979,6562.045508
96.3500,868.139464,18461.280578,273727.254478,6562.632427
96.4000,867.235432,18423.418804,273765.061282,6563.217342
96.4500,866.333687,18385.634249,273802.790548,6563.800257
96.5000,865.434219,18347.926758,273840.442435,6564.381176
96.5500,864.537020,18310.296177,273878.017101,6564.960103
96.6000,863.642084,18272.742353,273915.514702,6565.537043
96.6500,862.749402,18235.265132,273952.935397,6566.111999
96.7000,861.858967,18197.864362,273990.279341,6566.684975
96.7500,860.970771,18160.539889,274027.546693,6567.255976
96.8000,860.084806,18123.291561,274064.737607,6567.825005
96.8500,859.201064,18086.119225,274101.852240,6568.392068
96.9000,858.319538,18049.022730,274138.890747,6568.957167
96.9500,857.440220,18012.001924,274175.853285,6569.520306
97.0000,856.563103,17975.056656,274212.740007,6570.081491
97.0500,855.688179,17938.186774,274249.551069,6570.640724
97.1000,854.815441,17901.392128,274286.286624,6571.198010
97.1500,853.944881,17864.672567,274322.946828,6571.753354
97.2000,853.076492,17828.027941,274359.531833,6572.306758
97.2500,852.210266,17791.458100,274396.041793,6572.858227
97.3000,851.346196,17754.962895,274432.476862,6573.407765
97.3500,850.484275,17718.542175,274468.837192,6573.955376
97.4000,849.624495,17682.195793,274505.122936,6574.501064
97.4500,848.766849,17645.923598,274541.334246,6575.044833
97.5000,847.911329,17609.725443,274577.471273,6575.586686
97.5500,847.057930,17573.601180,274613.534170,6576.126628
97.6000,846.206642,17537.550659,274649.523088,6576.664663
97.6500,845.357460,17501.573735,274685.438178,6577.200795
97.7000,844.510375,17465.670259,274721.279591,6577.735028
97.7500,843.665382,17429.840084,274757.047476,6578.267364
97.8000,842.822472,17394.083063,274792.741985,6578.797810
97.8500,841.981639,17358.399050,274828.363267,6579.326367
97.9000,841.142876,17322.787898,274863.911471,6579.853041
97.9500,840.306176,17287.249462,274899.386747,6580.377835
98.0000,839.471531,17251.783596,274934.789243,6580.900754
98.0500,838.638935,17216.390154,274970.119109,6581.421800
98.1000,837.808381,17181.068991,275005.376493,6581.940977
98.1500,836.979862,17145.819962,275040.561541,6582.458291
98.2000,836.153371,17110.642923,275075.674404,6582.973744
98.2500,835.328902,17075.537730,275110.715226,6583.487340
98.3000,834.506447,17040.504237,275145.684157,6583.999083
98.3500,833.685999,17005.542302,275180.581343,6584.508978
98.4000,832.867553,16970.651781,275215.406929,6585.017027
98.4500,832.051101,16935.832530,275250.161064,6585.523235
98.5000,831.236637,16901.084407,275284.843891,6586.027605
98.5500,830.424153,16866.407269,275319.455558,6586.530142
98.6000,829.613644,16831.800974,275353.996210,6587.030848
98.6500,828.805103,16797.265379,275388.465991,6587.529729
98.7000,827.998522,16762.800343,275422.865046,6588.026787
98.7500,827.193896,16728.405724,275457.193520,6588.522026
98.8000,826.391218,16694.081380,275491.451557,6589.015451
98.8500,825.590482,16659.827171,275525.639302,6589.507064
98.9000,824.791680,16625.642955,275559.756897,6589.996870
98.9500,823.994807,16591.528593,275593.804486,6590.484873
99.0000,823.199857,16557.483944,275627.782212,6590.971075
99.0500,822.406822,16523.508868,275661.690217,6591.455481
99.1000,821.615696,16489.603225,275695.528645,6591.938095
99.1500,820.826473,16455.766876,275729.297638,6592.418920
99.2000,820.039147,16421.999681,275762.997337,6592.897961
99.2500,819.253711,16388.301503,275796.627884,6593.375219
99.3000,818.470160,16354.672201,275830.189420,6593.850700
99.3500,817.688486,16321.111638,275863.682087,6594.324407
99.4000,816.908683,16287.619676,275897.106025,6594.796344
99.4500,816.130747,16254.196176,275930.461374,6595.266514
99.5000,815.354669,16220.841002,275963.748276,6595.734921
99.5500,814.580444,16187.554015,275996.966869,6596.201569
99.6000,813.808067,16154.335079,276030.117294,6596.666461
99.6500,813.037530,16121.184057,276063.199689,6597.129601
99.7000,812.268828,16088.100813,276096.214195,6597.590993
99.7500,811.501955,16055.085209,276129.160949,6598.050640
99.8000,810.736904,16022.137111,276162.040090,6598.508545
99.8500,809.973670,15989.256382,276194.851757,6598.964713
99.9000,809.212247,15956.442888,276227.596087,6599.419147
99.9500,808.452628,15923.696491,276260.273219,6599.871851
100.0000,807.694808,15891.017059,276292.883288,6600.322827
100.0500,806.938781,15858.404456,276325.426434,6600.772081
100.1000,806.184541,15825.858547,276357.902792,6601.219615
100.1500,805.432082,15793.379199,276390.312500,6601.665432
100.2000,804.681399,15760.966277,276422.655692,6602.109537
100.2500,803.932484,15728.619648,276454.932507,6602.551933
100.3000,803.185334,15696.339178,276487.143078,6602.992624
100.3500,802.439941,15664.124735,276519.287542,6603.431613
100.4000,801.696300,15631.976185,276551.366035,6603.868903
100.4500,800.954406,15599.893396,276583.378690,6604.304498
100.5000,800.214253,15567.876235,276615.325642,6604.738402
100.5500,799.475834,15535.924570,276647.207027,6605.170618
100.6000,798.739145,15504.038270,276679.022978,6605.601150
100.6500,798.004179,15472.217202,276710.773629,6606.030001
100.7000,797.270932,15440.461236,276742.459113,6606.457175
100.7500,796.539397,15408.770240,276774.079564,6606.882674
100.8000,795.809569,15377.144084,276805.635115,6607.306503
100.8500,795.081442,15345.582636,276837.125899,6607.728665
100.9000,794.355011,15314.085767,276868.552048,6608.149164
100.9500,793.630271,15282.653346,276899.913695,6608.568002
101.0000,792.907215,15251.285244,276931.210971,6608.985184
101.0500,792.185838,15219.981330,276962.444008,6609.400713
101.1000,791.466136,15188.741476,276993.612938,6609.814592
101.1500,790.748101,15157.565553,277024.717892,6610.226824
101.2000,790.031730,15126.453431,277055.759000,6610.637414
101.2500,789.317017,15095.404983,277086.736394,6611.046364
101.3000,788.603956,15064.420079,277117.650204,6611.453678
101.3500,787.892542,15033.498591,277148.500560,6611.859359
101.4000,787.182770,15002.640393,277179.287592,6612.263411
101.4500,786.474634,14971.845355,277210.011429,6612.665837
101.5000,785.768129,14941.113352,277240.672201,6613.066640
101.5500,785.063249,14910.444255,277271.270036,6613.465824
101.6000,784.359991,14879.837938,277301.805065,6613.863392
101.6500,783.658348,14849.294274,277332.277415,6614.259348
101.7000,782.958315,14818.813137,277362.687214,6614.653694
101.7500,782.259887,14788.394401,277393.034591,6615.046435
101.8000,781.563059,14758.037939,277423.319674,6615.437573
101.8500,780.867825,14727.743627,277453.542589,6615.827112
101.9000,780.174181,14697.511339,277483.703465,6616.215055
101.9500,779.482122,14667.340949,277513.802428,6616.601406
102.0000,778.791642,14637.232334,277543.839605,6616.986167
102.0500,778.102736,14607.185367,277573.815123,6617.369343
102.1000,777.415400,14577.199925,277603.729107,6617.750936
102.1500,776.729628,14547.275884,277633.581684,6618.130949
102.2000,776.045415,14517.413119,277663.372980,6618.509386
102.2500,775.362757,14487.611508,277693.103120,6618.886251
102.3000,774.681647,14457.870926,277722.772229,6619.261546
102.3500,774.002083,14428.191250,277752.380432,6619.635275
102.4000,773.324057,14398.572357,277781.927855,6620.007441
102.4500,772.647566,14369.014125,277811.414621,6620.378047
102.5000,771.972605,14339.516431,277840.840854,6620.747096
102.5500,771.299169,14310.079153,277870.206679,6621.114592
102.6000,770.627253,14280.702169,277899.512220,6621.480538
102.6500,769.956852,14251.385356,277928.757599,6621.844938
102.7000,769.287961,14222.128595,277957.942941,6622.207793
102.7500,768.620575,14192.931762,277987.068367,6622.569108
102.8000,767.954690,14163.794738,278016.134002,6622.928886
102.8500,767.290302,14134.717401,278045.139967,6623.287130
102.9000,766.627404,14105.699630,278074.086384,6623.643843
102.9500,765.965993,14076.741306,278102.973376,6623.999029
103.0000,765.306064,14047.842308,278131.801064,6624.352689
103.0500,764.647612,14019.002517,278160.569570,6624.704829
103.1000,763.990632,13990.221812,278189.279015,6625.055450
103.1500,763.335121,13961.500075,278217.929519,6625.404557
103.2000,762.681072,13932.837185,278246.521205,6625.752151
103.2500,762.028482,13904.233025,278275.054192,6626.098237
103.3000,761.377346,13875.687475,278303.528601,6626.442817
103.3500,760.727659,13847.200417,278331.944551,6626.785895
103.4000,760.079417,13818.771732,278360.302162,6627.127474
103.4500,759.432615,13790.401303,278388.601555,6627.467556
103.5000,758.787249,13762.089012,278416.842847,6627.806145
103.5500,758.143314,13733.834741,278445.026159,6628.143244
103.6000,757.500806,13705.638373,278473.151609,6628.478857
103.6500,756.859720,13677.499791,278501.219316,6628.812985
103.7000,756.220052,13649.418878,278529.229398,6629.145633
103.7500,755.581797,13621.395517,278557.181973,6629.476803
103.8000,754.944951,13593.429591,278585.077159,6629.806499
103.8500,754.309510,13565.520986,278612.915073,6630.134723
103.9000,753.675469,13537.669584,278640.695834,6630.461479
103.9500,753.042823,13509.875270,278668.419557,6630.786769
104.0000,752.411569,13482.137928,278696.086361,6631.110597
104.0500,751.781702,13454.457444,278723.696362,6631.432966
104.1000,751.153217,13426.833701,278751.249676,6631.753878
104.1500,750.526111,13399.266586,278778.746419,6632.073337
104.2000,749.900379,13371.755983,278806.186707,6632.391347
104.2500,749.276016,13344.301779,278833.570657,6632.707908
104.3000,748.653019,13316.903858,278860.898383,6633.023026
104.3500,748.031384,13289.562108,278888.170001,6633.336703
104.4000,747.411105,13262.276414,278915.385626,6633.648941
104.4500,746.792179,13235.046663,278942.545372,6633.959745
104.5000,746.174602,13207.872742,278969.649355,6634.269116
104.5500,745.558369,13180.754537,278996.697689,6634.577058
104.6000,744.943477,13153.691936,279023.690487,6634.883573
104.6500,744.329920,13126.684826,279050.627864,6635.188666
104.7000,743.717696,13099.733095,279077.509933,6635.492338
104.7500,743.106799,13072.836631,279104.336807,6635.794593
104.8000,742.497226,13045.995321,279131.108600,6636.095434
104.8500,741.888973,13019.209054,279157.825426,6636.394863
104.9000,741.282035,12992.477718,279184.487395,6636.692883
104.9500,740.676409,12965.801203,279211.094622,6636.989498
105.0000,740.072090,12939.179397,279237.647217,6637.284711
105.0500,739.469075,12912.612189,279264.145294,6637.578523
105.1000,738.867359,12886.099469,279290.588965,6637.870939
105.1500,738.266938,12859.641125,279316.978339,6638.161962
105.2000,737.667809,12833.237049,279343.313530,6638.451593
105.2500,737.069967,12806.887130,279369.594648,6638.739836
105.3000,736.473409,12780.591258,279395.821804,6639.026694
105.3500,735.878130,12754.349324,279421.995109,6639.312169
105.4000,735.284126,12728.161218,279448.114673,6639.596265
105.4500,734.691395,12702.026832,279474.180607,6639.878985
105.5000,734.099931,12675.946055,279500.193020,6640.160331
105.5500,733.509731,12649.918781,279526.152022,6640.440306
105.6000,732.920791,12623.944899,279552.057724,6640.718913
105.6500,732.333107,12598.024303,279577.910233,6640.996155
105.7000,731.746675,12572.156884,279603.709660,6641.272035
105.7500,731.161492,12546.342533,279629.456112,6641.546555
105.8000,730.577553,12520.581144,279655.149700,6641.819719
105.8500,729.994856,12494.872609,279680.790531,6642.091529
105.9000,729.413395,12469.216821,279706.378714,6642.361988
105.9500,728.833168,12443.613673,279731.914356,6642.631100
106.0000,728.254170,12418.063058,279757.397566,6642.898865
106.0500,727.676398,12392.564869,279782.828451,6643.165289
106.1000,727.099848,12367.119001,279808.207118,6643.430372
106.1500,726.524516,12341.725346,279833.533674,6643.694119
106.2000,725.950399,12316.383800,279858.808227,6643.956531
106.2500,725.377492,12291.094256,279884.030883,6644.217613
106.3000,724.805793,12265.856608,279909.201749,6644.477365
106.3500,724.235298,12240.670753,279934.320931,6644.735792
106.4000,723.666002,12215.536583,279959.388534,6644.992896
106.4500,723.097903,12190.453996,279984.404666,6645.248680
106.5000,722.530996,12165.422885,280009.369431,6645.503146
106.5500,721.965279,12140.443146,280034.282935,6645.756297
106.6000,721.400746,12115.514676,280059.145283,6646.008137
106.6500,720.837396,12090.637369,280083.956580,6646.258667
106.7000,720.275224,12065.811123,280108.716931,6646.507890
106.7500,719.714227,12041.035833,280133.426440,6646.755810
106.8000,719.154400,12016.311396,280158.085213,6647.002429
106.8500,718.595742,11991.637709,280182.693352,6647.247749
106.9000,718.038247,11967.014669,280207.250962,6647.491774
106.9500,717.481913,11942.442173,280231.758147,6647.734506
107.0000,716.926736,11917.920117,280256.215009,6647.975947
107.0500,716.372713,11893.448401,280280.621653,6648.216101
107.1000,715.819840,11869.026922,280304.978182,6648.454970
107.1500,715.268114,11844.655576,280329.284698,6648.692557
107.2000,714.717530,11820.334264,280353.541304,6648.928864
107.2500,714.168087,11796.062883,280377.748103,6649.163894
107.3000,713.619780,11771.841331,280401.905196,6649.397651
107.3500,713.072606,11747.669508,280426.012686,6649.630135
107.4000,712.526561,11723.547313,280450.070675,6649.861351
107.4500,711.981643,11699.474644,280474.079264,6650.091301
107.5000,711.437847,11675.451401,280498.038555,6650.319987
107.5500,710.895171,11651.477483,280521.948648,6650.547412
107.6000,710.353611,11627.552791,280545.809646,6650.773579
107.6500,709.813164,11603.677224,280569.621648,6650.998491
107.7000,709.273826,11579.850683,280593.384756,6651.222149
107.7500,708.735594,11556.073067,280617.099070,6651.444557
107.8000,708.198465,11532.344278,280640.764689,6651.665717
107.8500,707.662436,11508.664216,280664.381714,6651.885631
107.9000,707.127502,11485.032782,280687.950246,6652.104304
107.9500,706.593662,11461.449878,280711.470382,6652.321736
108.0000,706.060912,11437.915404,280734.942223,6652.537931
108.0500,705.529248,11414.429262,280758.365868,6652.752891
108.1000,704.998667,11390.991354,280781.741416,6652.966618
108.1500,704.469166,11367.601582,280805.068966,6653.179116
108.2000,703.940742,11344.259848,280828.348615,6653.390387
108.2500,703.413392,11320.966055,280851.580464,6653.600434
108.3000,702.887112,11297.720104,280874.764609,6653.809258
108.3500,702.361899,11274.521899,280897.901149,6654.016863
108.4000,701.837750,11251.371342,280920.990181,6654.223251
108.4500,701.314663,11228.268336,280944.031804,6654.428425
108.5000,700.792633,11205.212786,280967.026114,6654.632387
108.5500,700.271658,11182.204594,280989.973209,6654.835140
108.6000,699.751734,11159.243663,281012.873185,6655.036686
108.6500,699.232859,11136.329899,281035.726140,6655.237028
108.7000,698.715029,11113.463205,281058.532170,6655.436168
108.7500,698.198241,11090.643484,281081.291371,6655.634109
108.8000,697.682493,11067.870643,281104.003840,6655.830854
108.8500,697.167781,11045.144584,281126.669673,6656.026404
108.9000,696.654102,11022.465214,281149.288965,6656.220763
108.9500,696.141452,10999.832436,281171.861812,6656.413932
109.0000,695.629830,10977.246157,281194.388310,6656.605915
109.0500,695.119232,10954.706281,281216.868553,6656.796713
109.1000,694.609655,10932.212715,281239.302637,6656.986330
109.1500,694.101095,10909.765363,281261.690657,6657.174768
109.2000,693.593551,10887.364133,281284.032706,6657.362029
109.2500,693.087019,10865.008929,281306.328881,6657.548115
109.3000,692.581495,10842.699659,281328.579274,6657.733030
109.3500,692.076978,10820.436228,281350.783981,6657.916775
109.4000,691.573464,10798.218544,281372.943094,6658.099354
109.4500,691.070950,10776.046513,281395.056708,6658.280768
109.5000,690.569433,10753.920043,281417.124916,6658.461019
109.5500,690.068911,10731.839041,281439.147811,6658.640112
109.6000,689.569380,10709.803414,281461.125487,6658.818046
109.6500,689.070837,10687.813069,281483.058036,6658.994827
109.7000,688.573280,10665.867915,281504.945552,6659.170454
109.7500,688.076706,10643.967860,281526.788126,6659.344932
109.8000,687.581112,10622.112811,281548.585851,6659.518263
109.8500,687.086495,10600.302677,281570.338819,6659.690448
109.9000,686.592852,10578.537367,281592.047122,6659.861490
109.9500,686.100181,10556.816789,281613.710853,6660.031392
110.0000,685.608478,10535.140852,281635.330102,6660.200156
110.0500,685.117740,10513.509466,281656.904961,6660.367785
110.1000,684.627966,10491.922539,281678.435521,6660.534280
110.1500,684.139152,10470.379981,281699.921873,6660.699645
110.2000,683.651295,10448.881702,281721.364109,6660.863881
110.2500,683.164393,10427.427611,281742.762318,6661.026991
110.3000,682.678442,10406.017618,281764.116592,6661.188977
110.3500,682.193441,10384.651634,281785.427021,6661.349842
110.4000,681.709385,10363.329568,281806.693694,6661.509588
110.4500,681.226274,10342.051333,281827.916702,6661.668217
110.5000,680.744103,10320.816837,281849.096134,6661.825731
110.5500,680.262870,10299.625992,281870.232081,6661.982134
110.6000,679.782572,10278.478709,281891.324631,6662.137427
110.6500,679.303208,10257.374899,281912.373873,6662.291613
110.7000,678.824773,10236.314474,281933.379897,6662.444694
110.7500,678.347265,10215.297345,281954.342792,6662.596672
110.8000,677.870683,10194.323424,281975.262646,6662.747550
110.8500,677.395022,10173.392623,281996.139548,6662.897329
110.9000,676.920280,10152.504853,282016.973585,6663.046013
110.9500,676.446455,10131.660029,282037.764847,6663.193603
111.0000,675.973544,10110.858061,282058.513421,6663.340102
111.0500,675.501545,10090.098862,282079.219394,6663.485512
111.1000,675.030454,10069.382345,282099.882855,6663.629836
111.1500,674.560270,10048.708424,282120.503891,6663.773075
111.2000,674.090989,10028.077011,282141.082589,6663.915232
111.2500,673.622609,10007.488019,282161.619036,6664.056310
111.3000,673.155127,9986.941363,282182.113318,6664.196309
111.3500,672.688541,9966.436956,282202.565524,6664.335234
111.4000,672.222849,9945.974711,282222.975739,6664.473085
111.4500,671.758047,9925.554543,282243.344049,6664.609866
111.5000,671.294133,9905.176366,282263.670541,6664.745578
111.5500,670.831105,9884.840094,282283.955301,6664.880224
111.6000,670.368960,9864.545642,282304.198414,6665.013806
111.6500,669.907695,9844.292924,282324.399966,6665.146326
111.7000,669.447309,9824.081856,282344.560044,6665.277786
111.7500,668.987798,9803.912352,282364.678731,6665.408190
111.8000,668.529160,9783.784328,282384.756113,6665.537538
111.8500,668.071393,9763.697699,282404.792275,6665.665833
111.9000,667.614494,9743.652381,282424.787301,6665.793077
111.9500,667.158460,9723.648288,282444.741277,6665.919273
112.0000,666.703290,9703.685338,282464.654287,6666.044422
112.0500,666.248980,9683.763447,282484.526415,6666.168528
112.1000,665.795529,9663.882529,282504.357746,6666.291591
112.1500,665.342933,9644.042503,282524.148362,6666.413615
112.2000,664.891191,9624.243284,282543.898348,6666.534601
112.2500,664.440299,9604.484789,282563.607787,6666.654552
112.3000,663.990256,9584.766936,282583.276763,6666.773470
112.3500,663.541060,9565.089640,282602.905359,6666.891356
112.4000,663.092707,9545.452820,282622.493658,6667.008214
112.4500,662.645195,9525.856393,282642.041743,6667.124045
112.5000,662.198523,9506.300276,282661.549697,6667.238852
112.5500,661.752687,9486.784387,282681.017602,6667.352636
112.6000,661.307685,9467.308644,282700.445540,6667.465400
112.6500,660.863515,9447.872965,282719.833595,6667.577146
112.7000,660.420175,9428.477268,282739.181847,6667.687876
112.7500,659.977661,9409.121472,282758.490379,6667.797592
112.8000,659.535973,9389.805495,282777.759272,6667.906296
112.8500,659.095107,9370.529256,282796.988609,6668.013991
112.9000,658.655062,9351.292673,282816.178469,6668.120678
112.9500,658.215834,9332.095667,282835.328936,6668.226360
113.0000,657.777422,9312.938155,282854.440088,6668.331039
113.0500,657.339824,9293.820058,282873.512009,6668.434717
113.1000,656.903036,9274.741294,282892.544778,6668.537395
113.1500,656.467057,9255.701784,282911.538475,6668.639077
113.2000,656.031885,9236.701448,282930.493182,6668.739764
113.2500,655.597517,9217.740205,282949.408978,6668.839459
113.3000,655.163951,9198.817975,282968.285943,6668.938162
113.3500,654.731184,9179.934679,282987.124158,6669.035877
113.4000,654.299215,9161.090238,283005.923702,6669.132606
113.4500,653.868042,9142.284571,283024.684654,6669.228350
113.5000,653.437661,9123.517600,283043.407095,6669.323112
113.5500,653.008071,9104.789247,283062.091103,6669.416894
113.6000,652.579270,9086.099431,283080.736757,6669.509698
113.6500,652.151255,9067.448074,283099.344137,6669.601525
113.7000,651.724025,9048.835097,283117.913321,6669.692378
113.7500,651.297576,9030.260423,283136.444387,6669.782260
113.8000,650.871907,9011.723973,283154.937415,6669.871171
113.8500,650.447016,8993.225669,283173.392481,6669.959114
113.9000,650.022900,8974.765432,283191.809666,6670.046092
113.9500,649.599558,8956.343186,283210.189046,6670.132105
114.0000,649.176987,8937.958852,283228.530699,6670.217157
114.0500,648.755185,8919.612354,283246.834703,6670.301249
114.1000,648.334150,8901.303613,283265.101135,6670.384383
114.1500,647.913880,8883.032552,283283.330073,6670.466561
114.2000,647.494372,8864.799096,283301.521594,6670.547786
114.2500,647.075625,8846.603166,283319.675775,6670.628059
114.3000,646.657636,8828.444686,283337.792693,6670.707382
114.3500,646.240404,8810.323579,283355.872424,6670.785757
114.4000,645.823926,8792.239770,283373.915045,6670.863186
114.4500,645.408200,8774.193181,283391.920632,6670.939672
114.5000,644.993224,8756.183738,283409.889262,6671.015216
114.5500,644.578996,8738.211363,283427.821011,6671.089820
114.6000,644.165514,8720.275981,283445.715954,6671.163486
114.6500,643.752775,8702.377517,283463.574168,6671.236217
114.7000,643.340779,8684.515895,283481.395727,6671.308013
114.7500,642.929522,8666.691039,283499.180708,6671.378878
114.8000,642.519003,8648.902875,283516.929186,6671.448813
114.8500,642.109220,8631.151328,283534.641235,6671.517819
114.9000,641.700171,8613.436322,283552.316931,6671.585900
114.9500,641.291853,8595.757784,283569.956349,6671.653057
115.0000,640.884265,8578.115637,283587.559563,6671.719291
115.0500,640.477404,8560.509809,283605.126648,6671.784605
115.1000,640.071269,8542.940224,283622.657678,6671.849001
115.1500,639.665857,8525.406809,283640.152727,6671.912481
115.2000,639.261168,8507.909490,283657.611870,6671.975046
115.2500,638.857198,8490.448193,283675.035181,6672.036699
115.3000,638.453945,8473.022843,283692.422733,6672.097441
115.3500,638.051408,8455.633369,283709.774599,6672.157275
115.4000,637.649585,8438.279695,283727.090854,6672.216202
115.4500,637.248474,8420.961750,283744.371570,6672.274224
115.5000,636.848073,8403.679459,283761.616821,6672.331343
115.5500,636.448380,8386.432751,283778.826680,6672.387562
115.6000,636.049392,8369.221552,283796.001220,6672.442881
115.6500,635.651109,8352.045790,283813.140513,6672.497303
115.7000,635.253528,8334.905391,283830.244632,6672.550829
115.7500,634.856647,8317.800285,283847.313649,6672.603463
115.8000,634.460464,8300.730398,283864.347637,6672.655205
115.8500,634.064978,8283.695659,283881.346668,6672.706057
115.9000,633.670186,8266.695995,283898.310813,6672.756021
115.9500,633.276086,8249.731335,283915.240145,6672.805099
116.0000,632.882678,8232.801608,283932.134736,6672.853294
116.0500,632.489958,8215.906741,283948.994656,6672.900606
116.1000,632.097926,8199.046664,283965.819977,6672.947038
116.1500,631.706578,8182.221305,283982.610771,6672.992592
116.2000,631.315914,8165.430593,283999.367108,6673.037269
116.2500,630.925931,8148.674458,284016.089060,6673.081071
116.3000,630.536627,8131.952828,284032.776697,6673.124000
116.3500,630.148001,8115.265633,284049.430090,6673.166058
116.4000,629.760051,8098.612803,284066.049309,6673.207247
116.4500,629.372776,8081.994267,284082.634426,6673.247569
116.5000,628.986172,8065.409955,284099.185509,6673.287025
116.5500,628.600239,8048.859796,284115.702630,6673.325618
116.6000,628.214974,8032.343722,284132.185858,6673.363348
116.6500,627.830376,8015.861662,284148.635263,6673.400219
116.7000,627.446443,7999.413547,284165.050914,6673.436231
116.7500,627.063173,7982.999307,284181.432881,6673.471386
116.8000,626.680565,7966.618873,284197.781234,6673.505688
116.8500,626.298616,7950.272175,284214.096042,6673.539136
116.9000,625.917325,7933.959145,284230.377373,6673.571733
116.9500,625.536689,7917.679713,284246.625297,6673.603481
117.0000,625.156709,7901.433812,284262.839883,6673.634381
117.0500,624.777380,7885.221371,284279.021199,6673.664436
117.1000,624.398703,7869.042323,284295.169313,6673.693647
117.1500,624.020674,7852.896600,284311.284295,6673.722016
117.2000,623.643293,7836.784132,284327.366212,6673.749545
117.2500,623.266557,7820.704853,284343.415133,6673.776235
117.3000,622.890465,7804.658694,284359.431125,6673.802088
117.3500,622.515016,7788.645587,284375.414256,6673.827107
117.4000,622.140206,7772.665464,284391.364594,6673.851292
117.4500,621.766035,7756.718258,284407.282207,6673.874645
117.5000,621.392501,7740.803902,284423.167161,6673.897169
117.5500,621.019602,7724.922329,284439.019525,6673.918865
117.6000,620.647337,7709.073470,284454.839365,6673.939735
117.6500,620.275703,7693.257260,284470.626749,6673.959780
117.7000,619.904700,7677.473631,284486.381742,6673.979003
117.7500,619.534325,7661.722516,284502.104413,6673.997405
117.8000,619.164577,7646.003850,284517.794827,6674.014987
117.8500,618.795454,7630.317564,284533.453051,6674.031752
117.9000,618.426954,7614.663595,284549.079151,6674.047701
117.9500,618.059076,7599.041874,284564.673193,6674.062836
118.0000,617.691818,7583.452336,284580.235244,6674.077159
118.0500,617.325179,7567.894915,284595.765370,6674.090671
118.1000,616.959157,7552.369545,284611.263636,6674.103374
118.1500,616.593749,7536.876161,284626.730107,6674.115270
118.2000,616.228955,7521.414696,284642.164850,6674.126361
118.2500,615.864773,7505.985087,284657.567929,6674.136647
118.3000,615.501202,7490.587267,284672.939410,6674.146132
118.3500,615.138239,7475.221170,284688.279358,6674.154816
118.4000,614.775883,7459.886734,284703.587839,6674.162702
118.4500,614.414132,7444.583891,284718.864916,6674.169791
118.5000,614.052985,7429.312578,284734.110654,6674.176084
118.5500,613.692441,7414.072730,284749.325119,6674.181584
118.6000,613.332497,7398.864283,284764.508374,6674.186291
118.6500,612.973152,7383.687172,284779.660484,6674.190209
118.7000,612.614404,7368.541332,284794.781513,6674.193338
118.7500,612.256253,7353.426701,284809.871524,6674.195680
118.8000,611.898696,7338.343214,284824.930583,6674.197236
118.8500,611.541731,7323.290806,284839.958753,6674.198009
118.9000,611.185358,7308.269415,284854.956097,6674.198000
118.9500,610.829574,7293.278977,284869.922679,6674.197211
119.0000,610.474378,7278.319428,284884.858562,6674.195644
119.0500,610.119769,7263.390705,284899.763809,6674.193299
119.1000,609.765745,7248.492746,284914.638485,6674.190179
119.1500,609.412304,7233.625486,284929.482651,6674.186285
119.2000,609.059445,7218.788862,284944.296370,6674.181619
119.2500,608.707166,7203.982813,284959.079706,6674.176183
119.3000,608.355467,7189.207276,284973.832720,6674.169978
119.3500,608.004344,7174.462187,284988.555476,6674.163006
119.4000,607.653797,7159.747485,285003.248036,6674.155268
119.4500,607.303825,7145.063106,285017.910462,6674.146766
119.5000,606.954425,7130.408990,285032.542816,6674.137502
119.5500,606.605597,7115.785074,285047.145159,6674.127477
119.6000,606.257338,7101.191296,285061.717555,6674.116694
119.6500,605.909648,7086.627594,285076.260064,6674.105153
119.7000,605.562524,7072.093906,285090.772749,6674.092856
119.7500,605.215966,7057.590172,285105.255670,6674.079804
119.8000,604.869972,7043.116329,285119.708889,6674.066000
119.8500,604.524540,7028.672316,285134.132467,6674.051445
119.9000,604.179669,7014.258073,285148.526466,6674.036141
119.9500,603.835357,6999.873537,285162.890945,6674.020089
