day,susceptible,crowd,quitted,loyal
0.0000,298987.480318,1009.854636,2.612790,0.052254
0.0500,298974.837140,1019.806505,5.251328,0.105021
0.1000,298962.069257,1029.856557,7.915869,0.158304
0.1500,298949.175450,1040.005748,10.606668,0.212109
0.2000,298936.154489,1050.255046,13.323986,0.266442
0.2500,298923.005129,1060.605427,16.068082,0.321307
0.3000,298909.726118,1071.057876,18.839222,0.376710
0.3500,298896.316187,1081.613387,21.637673,0.432656
0.4000,298882.774058,1092.272966,24.463702,0.489150
0.4500,298869.098440,1103.037625,27.317583,0.546199
0.5000,298855.288030,1113.908389,30.199590,0.603806
0.5500,298841.341511,1124.886290,33.109999,0.661978
0.6000,298827.257555,1135.972371,36.049092,0.720720
0.6500,298813.034822,1147.167685,39.017150,0.780039
0.7000,298798.671956,1158.473295,42.014460,0.839939
0.7500,298784.167593,1169.890273,45.041308,0.900426
0.8000,298769.520351,1181.419703,48.097987,0.961507
0.8500,298754.728837,1193.062678,51.184789,1.023186
0.9000,298739.791646,1204.820301,54.302012,1.085471
0.9500,298724.707359,1216.693687,57.449955,1.148366
1.0000,298709.474541,1228.683961,60.628920,1.211878
1.0500,298694.091746,1240.792256,63.839214,1.276013
1.1000,298678.557514,1253.019720,67.081143,1.340777
1.1500,298662.870370,1265.367509,70.355021,1.406176
1.2000,298647.028826,1277.836791,73.661160,1.472217
1.2500,298631.031381,1290.428744,76.999878,1.538905
1.3000,298614.876516,1303.144558,80.371497,1.606248
1.3500,298598.562701,1315.985434,83.776338,1.674251
1.4000,298582.088391,1328.952584,87.214730,1.742922
1.4500,298565.452025,1342.047233,90.687002,1.812266
1.5000,298548.652029,1355.270614,94.193487,1.882290
1.5500,298531.686812,1368.623976,97.734522,1.953002
1.6000,298514.554770,1382.108575,101.310446,2.024407
1.6500,298497.254283,1395.725684,104.921602,2.096513
1.7000,298479.783715,1409.476583,108.568335,2.169326
1.7500,298462.141416,1423.362567,112.250997,2.242853
1.8000,298444.325720,1437.384943,115.969939,2.317102
1.8500,298426.334944,1451.545028,119.725518,2.392079
1.9000,298408.167391,1465.844154,123.518094,2.467792
1.9500,298389.821347,1480.283664,127.348029,2.544248
2.0000,298371.295082,1494.864913,131.215691,2.621454
2.0500,298352.586850,1509.589271,135.121451,2.699418
2.1000,298333.694888,1524.458118,139.065681,2.778146
2.1500,298314.617417,1539.472848,143.048759,2.857647
2.2000,298295.352642,1554.634869,147.071067,2.937928
2.2500,298275.898750,1569.945601,151.132990,3.018997
2.3000,298256.253910,1585.406477,155.234915,3.100861
2.3500,298236.416277,1601.018943,159.377235,3.183528
2.4000,298216.383987,1616.784461,163.560346,3.267007
2.4500,298196.155156,1632.704503,167.784648,3.351304
2.5000,298175.727888,1648.780557,172.050544,3.436429
2.5500,298155.100264,1665.014124,176.358443,3.522388
2.6000,298134.270351,1681.406718,180.708756,3.609191
2.6500,298113.236195,1697.959870,185.101897,3.696846
2.7000,298091.995825,1714.675122,189.538287,3.785361
2.7500,298070.547252,1731.554031,194.018350,3.874744
2.8000,298048.888469,1748.598169,198.542512,3.965003
2.8500,298027.017448,1765.809123,203.111205,4.056149
2.9000,298004.932145,1783.188493,207.724865,4.148188
2.9500,297982.630495,1800.737894,212.383932,4.241130
3.0000,297960.110414,1818.458958,217.088851,4.334984
3.0500,297937.369800,1836.353329,221.840069,4.429759
3.1000,297914.406531,1854.422669,226.638040,4.525463
3.1500,297891.218464,1872.668652,231.483220,4.622106
3.2000,297867.803438,1891.092970,236.376071,4.719697
3.2500,297844.159270,1909.697329,241.317059,4.818245
3.3000,297820.283760,1928.483452,246.306655,4.917759
3.3500,297796.174685,1947.453076,251.345332,5.018249
3.4000,297771.829801,1966.607956,256.433571,5.119725
3.4500,297747.246847,1985.949860,261.571856,5.222196
3.5000,297722.423537,2005.480575,266.760674,5.325672
3.5500,297697.357566,2025.201904,272.000520,5.430162
3.6000,297672.046608,2045.115663,277.291891,5.535677
3.6500,297646.488314,2065.223690,282.635290,5.642227
3.7000,297620.680317,2085.527834,288.031224,5.749821
3.7500,297594.620224,2106.029966,293.480206,5.858469
3.8000,297568.305623,2126.731969,298.982753,5.968183
3.8500,297541.734078,2147.635747,304.539387,6.078973
3.9000,297514.903132,2168.743220,310.150636,6.190848
3.9500,297487.810306,2190.056323,315.817030,6.303820
4.0000,297460.453097,2211.577013,321.539108,6.417899
4.0500,297432.828979,2233.307260,327.317412,6.533096
4.1000,297404.935406,2255.249055,333.152490,6.649422
4.1500,297376.769804,2277.404406,339.044893,6.766887
4.2000,297348.329580,2299.775337,344.995179,6.885504
4.2500,297319.612115,2322.363894,351.003913,7.005283
4.3000,297290.614767,2345.172138,357.071662,7.126235
4.3500,297261.334870,2368.202150,363.199000,7.248372
4.4000,297231.769733,2391.456029,369.386507,7.371706
4.4500,297201.916643,2414.935894,375.634767,7.496247
4.5000,297171.772860,2438.643881,381.944371,7.622008
4.5500,297141.335620,2462.582146,388.315915,7.749001
4.6000,297110.602135,2486.752865,394.750000,7.877237
4.6500,297079.569590,2511.158231,401.247233,8.006729
4.7000,297048.235147,2535.800460,407.808228,8.137489
4.7500,297016.595941,2560.681783,414.433603,8.269529
4.8000,296984.649082,2585.804456,421.123983,8.402862
4.8500,296952.391652,2611.170750,427.879997,8.537499
4.9000,296919.820711,2636.782960,434.702284,8.673454
4.9500,296886.933288,2662.643398,441.591484,8.810740
5.0000,296853.726389,2688.754400,448.548246,8.949369
5.0500,296820.196992,2715.118318,455.573226,9.089355
5.1000,296786.342047,2741.737529,462.667083,9.230710
5.1500,296752.158478,2768.614428,469.830484,9.373447
5.2000,296717.643183,2795.751432,477.064103,9.517581
5.2500,296682.793029,2823.150979,484.368619,9.663125
5.3000,296647.604859,2850.815529,491.744718,9.810092
5.3500,296612.075484,2878.747562,499.193092,9.958496
5.4000,296576.201690,2906.949581,506.714439,10.108351
5.4500,296539.980235,2935.424110,514.309466,10.259671
5.5000,296503.407844,2964.173695,521.978883,10.412470
5.5500,296466.481218,2993.200904,529.723410,10.566763
5.6000,296429.197027,3022.508327,537.543771,10.722564
5.6500,296391.551910,3052.098577,545.440698,10.879886
5.7000,296353.542480,3081.974290,553.414931,11.038746
5.7500,296315.165318,3112.138123,561.467214,11.199158
5.8000,296276.416976,3142.592757,569.598301,11.361137
5.8500,296237.293974,3173.340896,577.808951,11.524698
5.9000,296197.792804,3204.385267,586.099930,11.689856
5.9500,296157.909926,3235.728620,594.472013,11.856626
6.0000,296117.641770,3267.373729,602.925981,12.025025
6.0500,296076.984735,3299.323392,611.462621,12.195068
6.1000,296035.935188,3331.580429,620.082729,12.366770
6.1500,295994.489464,3364.147686,628.787108,12.540148
6.2000,295952.643868,3397.028033,637.576568,12.715217
6.2500,295910.394672,3430.224362,646.451927,12.891994
6.3000,295867.738116,3463.739593,655.414011,13.070496
6.3500,295824.670407,3497.576667,664.463652,13.250739
6.4000,295781.187722,3531.738553,673.601691,13.432739
6.4500,295737.286201,3566.228242,682.828977,13.616514
6.5000,295692.961955,3601.048753,692.146365,13.802080
6.5500,295648.211059,3636.203127,701.554720,13.989455
6.6000,295603.029555,3671.694434,711.054913,14.178656
6.6500,295557.413452,3707.525767,720.647825,14.369701
6.7000,295511.358724,3743.700245,730.334345,14.562607
6.7500,295464.861312,3780.221013,740.115367,14.757392
6.8000,295417.917123,3817.091244,749.991797,14.954074
6.8500,295370.522027,3854.314136,759.964547,15.152670
6.9000,295322.671860,3891.892911,770.034539,15.353201
6.9500,295274.362424,3929.830820,780.202701,15.555683
7.0000,295225.589486,3968.131142,790.469973,15.760136
7.0500,295176.348774,4006.797179,800.837300,15.966579
7.1000,295126.635985,4045.832264,811.305638,16.175029
7.1500,295076.446775,4085.239755,821.875951,16.385508
7.2000,295025.776769,4125.023037,832.549211,16.598033
7.2500,294974.621550,4165.185523,843.326399,16.812624
7.3000,294922.976669,4205.730654,854.208507,17.029302
7.3500,294870.837637,4246.661899,865.196533,17.248086
7.4000,294818.199928,4287.982755,876.291486,17.468995
7.4500,294765.058982,4329.696746,887.494384,17.692051
7.5000,294711.410196,4371.807426,898.806253,17.917274
7.5500,294657.248933,4414.318375,910.228130,18.144683
7.6000,294602.570516,4457.233203,921.761059,18.374301
7.6500,294547.370232,4500.555551,933.406096,18.606148
7.7000,294491.643326,4544.289084,945.164304,18.840245
7.7500,294435.385007,4588.437500,957.036758,19.076613
7.8000,294378.590443,4633.004524,969.024542,19.315275
7.8500,294321.254765,4677.993912,981.128748,19.556251
7.9000,294263.373062,4723.409449,993.350480,19.799564
7.9500,294204.940385,4769.254949,1005.690850,20.045236
8.0000,294145.951744,4815.534255,1018.150981,20.293289
8.0500,294086.402110,4862.251243,1030.732007,20.543746
8.1000,294026.286413,4909.409815,1043.435070,20.796629
8.1500,293965.599542,4957.013907,1056.261324,21.051961
8.2000,293904.336346,5005.067483,1069.211932,21.309766
8.2500,293842.491632,5053.574538,1082.288068,21.570067
8.3000,293780.060166,5102.539099,1095.490916,21.832887
8.3500,293717.036674,5151.965221,1108.821672,22.098250
8.4000,293653.415838,5201.856992,1122.281539,22.366180
8.4500,293589.192299,5252.218531,1135.871735,22.636701
8.5000,293524.360657,5303.053987,1149.593486,22.909838
8.5500,293458.915467,5354.367542,1163.448030,23.185615
8.6000,293392.851245,5406.163408,1177.436615,23.464058
8.6500,293326.162460,5458.445828,1191.560502,23.745190
8.7000,293258.843542,5511.219079,1205.820959,24.029038
8.7500,293190.888876,5564.487469,1220.219270,24.315626
8.8000,293122.292803,5618.255335,1234.756727,24.604981
8.8500,293053.049622,5672.527051,1249.434634,24.897128
8.9000,292983.153587,5727.307019,1264.254308,25.192094
8.9500,292912.598907,5782.599676,1279.217075,25.489905
9.0000,292841.379750,5838.409490,1294.324275,25.790588
9.0500,292769.490237,5894.740961,1309.577257,26.094169
9.1000,292696.924445,5951.598624,1324.977384,26.400675
9.1500,292623.676406,6008.987044,1340.526029,26.710134
9.2000,292549.740108,6066.910820,1356.224580,27.022574
9.2500,292475.109494,6125.374584,1372.074434,27.338022
9.3000,292399.778459,6184.383001,1388.077000,27.656506
9.3500,292323.740855,6243.940770,1404.233701,27.978054
9.4000,292246.990488,6304.052620,1420.545972,28.302696
9.4500,292169.521119,6364.723317,1437.015259,28.630459
9.5000,292091.326459,6425.957658,1453.643022,28.961373
9.5500,292012.400178,6487.760475,1470.430732,29.295467
9.6000,291932.735897,6550.136633,1487.379873,29.632770
9.6500,291852.327189,6613.091029,1504.491943,29.973313
9.7000,291771.167582,6676.628597,1521.768452,30.317124
9.7500,291689.250559,6740.754301,1539.210922,30.664236
9.8000,291606.569553,6805.473141,1556.820888,31.014677
9.8500,291523.117950,6870.790151,1574.599901,31.368480
9.9000,291438.889091,6936.710399,1592.549520,31.725674
9.9500,291353.876267,7003.238984,1610.671322,32.086291
10.0000,291268.072724,7070.381044,1628.966894,32.450364
10.0500,291181.471657,7138.141747,1647.437839,32.817922
10.1000,291094.066216,7206.526296,1666.085772,33.189000
10.1500,291005.849502,7275.539930,1684.912321,33.563628
10.2000,290916.814568,7345.187919,1703.919130,33.941841
10.2500,290826.954419,7415.475571,1723.107853,34.323670
10.3000,290736.262010,7486.408225,1742.480162,34.709148
10.3500,290644.730251,7557.991255,1762.037739,35.098310
10.4000,290552.352000,7630.230070,1781.782284,35.491189
10.4500,290459.120068,7703.130113,1801.715509,35.887820
10.5000,290365.027218,7776.696861,1821.839139,36.288235
10.5500,290270.066162,7850.935825,1842.154915,36.692471
10.6000,290174.229565,7925.852550,1862.664593,37.100561
10.6500,290077.510043,8001.452617,1883.369941,37.512542
10.7000,289979.900163,8077.741639,1904.272743,37.928448
10.7500,289881.392441,8154.725264,1925.374799,38.348315
10.8000,289781.979346,8232.409174,1946.677922,38.772180
10.8500,289681.653297,8310.799085,1968.183939,39.200078
10.9000,289580.406664,8389.900748,1989.894694,39.632046
10.9500,289478.231768,8469.719947,2011.812044,40.068122
11.0000,289375.120880,8550.262499,2033.937864,40.508342
11.0500,289271.066221,8631.534257,2056.274041,40.952744
11.1000,289166.059965,8713.541106,2078.822479,41.401365
11.1500,289060.094236,8796.288965,2101.585097,41.854245
11.2000,288953.161106,8879.783788,2124.563829,42.311421
11.2500,288845.252601,8964.031561,2147.760626,42.772932
11.3000,288736.360697,9049.038303,2171.177451,43.238817
11.3500,288626.477318,9134.810069,2194.816288,43.709116
11.4000,288515.594342,9221.352943,2218.679132,44.183868
11.4500,288403.703597,9308.673046,2242.767997,44.663113
11.5000,288290.796861,9396.776530,2267.084911,45.146892
11.5500,288176.865863,9485.669579,2291.631919,45.635245
11.6000,288061.902284,9575.358412,2316.411082,46.128213
11.6500,287945.897754,9665.849279,2341.424478,46.625837
11.7000,287828.843856,9757.148461,2366.674199,47.128160
11.7500,287710.732123,9849.262274,2392.162356,47.635222
11.8000,287591.554041,9942.197064,2417.891074,48.147067
11.8500,287471.301044,10035.959208,2443.862498,48.663736
11.9000,287349.964522,10130.555118,2470.078785,49.185273
11.9500,287227.535813,10225.991233,2496.542112,49.711721
12.0000,287104.006208,10322.274026,2523.254673,50.243124
12.0500,286979.366950,10419.410000,2550.218677,50.779525
12.1000,286853.609235,10517.405688,2577.436350,51.320968
12.1500,286726.724209,10616.267655,2604.909937,51.867499
12.2000,286598.702973,10716.002495,2632.641698,52.419162
12.2500,286469.536579,10816.616831,2660.633912,52.976003
12.3000,286339.216032,10918.117317,2688.888874,53.538066
12.3500,286207.732290,11020.510636,2717.408896,54.105399
12.4000,286075.076266,11123.803499,2746.196309,54.678047
12.4500,285941.238824,11228.002647,2775.253460,55.256057
12.5000,285806.210784,11333.114848,2804.582714,55.839476
12.5500,285669.982918,11439.146899,2834.186454,56.428351
12.6000,285532.545953,11546.105624,2864.067081,57.022730
12.6500,285393.890572,11653.997875,2894.227012,57.622661
12.7000,285254.007412,11762.830529,2924.668685,58.228193
12.7500,285112.887065,11872.610492,2955.394552,58.839374
12.8000,284970.520078,11983.344694,2986.407086,59.456253
12.8500,284826.896955,12095.040092,3017.708778,60.078880
12.9000,284682.008155,12207.703668,3049.302134,60.707305
12.9500,284535.844097,12321.342428,3081.189682,61.341578
13.0000,284388.395152,12435.963403,3113.373966,61.981749
13.0500,284239.651653,12551.573647,3145.857549,62.627869
13.1000,284089.603888,12668.180240,3178.643012,63.279990
13.1500,283938.242104,12785.790281,3211.732956,63.938163
13.2000,283785.556508,12904.410895,3245.129998,64.602441
13.2500,283631.537264,13024.049226,3278.836774,65.272875
13.3000,283476.174497,13144.712443,3312.855942,65.949518
13.3500,283319.458292,13266.407730,3347.190174,66.632424
13.4000,283161.378696,13389.142298,3381.842163,67.321646
13.4500,283001.925715,13512.923372,3416.814621,68.017238
13.5000,282841.089317,13637.758200,3452.110277,68.719255
13.5500,282678.859434,13763.654045,3487.731883,69.427750
13.6000,282515.225960,13890.618191,3523.682204,70.142778
13.6500,282350.178753,14018.657937,3559.964029,70.864396
13.7000,282183.707633,14147.780600,3596.580164,71.592659
13.7500,282015.802387,14277.993511,3633.533433,72.327623
13.8000,281846.452767,14409.304018,3670.826682,73.069344
13.8500,281675.648490,14541.719482,3708.462772,73.817879
13.9000,281503.379242,14675.247279,3746.444587,74.573286
13.9500,281329.634675,14809.894796,3784.775028,75.335623
14.0000,281154.404408,14945.669435,3823.457017,76.104947
14.0500,280977.678030,15082.578607,3862.493493,76.881316
14.1000,280799.445102,15220.629735,3901.887415,77.664790
14.1500,280619.695151,15359.830251,3941.641763,78.455428
14.2000,280438.417679,15500.187596,3981.759535,79.253288
14.2500,280255.602158,15641.709219,4022.243748,80.058432
14.3000,280071.238035,15784.402578,4063.097439,80.870920
14.3500,279885.314728,15928.275136,4104.323663,81.690811
14.4000,279697.821632,16073.334360,4145.925498,82.518168
14.4500,279508.748117,16219.587725,4187.906037,83.353051
14.5000,279318.083530,16367.042707,4230.268395,84.195523
14.5500,279125.817194,16515.706785,4273.015707,85.045646
14.6000,278931.938411,16665.587441,4316.151125,85.903483
14.6500,278736.436465,16816.692156,4359.677822,86.769096
14.7000,278539.300616,16969.028412,4403.598991,87.642548
14.7500,278340.520110,17122.603689,4447.917844,88.523905
14.8000,278140.084172,17277.425465,4492.637611,89.413229
14.8500,277937.982013,17433.501213,4537.761543,90.310585
14.9000,277734.202827,17590.838404,4583.292910,91.216039
14.9500,277528.735796,17749.444501,4629.235003,92.129656
15.0000,277321.570088,17909.326962,4675.591128,93.051501
15.0500,277112.694858,18070.493234,4722.364615,93.981640
15.1000,276902.099253,18232.950759,4769.558812,94.920140
15.1500,276689.772408,18396.706965,4817.177085,95.867068
15.2000,276475.703453,18561.769271,4865.222820,96.822491
15.2500,276259.881507,18728.145081,4913.699423,97.786477
15.3000,276042.295689,18895.841786,4962.610319,98.759093
15.3500,275822.935108,19064.866761,5011.958952,99.740409
15.4000,275601.788875,19235.227366,5061.748784,100.730492
15.4500,275378.846096,19406.930940,5111.983298,101.729412
15.5000,275154.095879,19579.984806,5162.665995,102.737239
15.5500,274927.527333,19754.396263,5213.800396,103.754042
15.6000,274699.129570,19930.172590,5265.390039,104.779892
15.6500,274468.891706,20107.321042,5317.438482,105.814859
15.7000,274236.802861,20285.848849,5369.949303,106.859014
15.7500,274002.852166,20465.763214,5422.926098,107.912429
15.8000,273767.028758,20647.071312,5476.372480,108.975175
15.8500,273529.321786,20829.780289,5530.292083,110.047325
15.9000,273289.720410,21013.897261,5584.688558,111.128951
15.9500,273048.213805,21199.429309,5639.565575,112.220126
16.0000,272804.791159,21386.383482,5694.926823,113.320923
16.0500,272559.441679,21574.766793,5750.776008,114.431416
16.1000,272312.154591,21764.586217,5807.116855,115.551679
16.1500,272062.919140,21955.848691,5863.953107,116.681785
16.2000,271811.724595,22148.561110,5921.288525,117.821810
16.2500,271558.560246,22342.730329,5979.126887,118.971829
16.3000,271303.415413,22538.363156,6037.471991,120.131917
16.3500,271046.279441,22735.466356,6096.327650,121.302149
16.4000,270787.141705,22934.046645,6155.697696,122.482602
16.4500,270525.991611,23134.110691,6215.585978,123.673352
16.5000,270262.818600,23335.665110,6275.996363,124.874476
16.5500,269997.612146,23538.716465,6336.932734,126.086051
16.6000,269730.361763,23743.271265,6398.398992,127.308155
16.6500,269461.057002,23949.335964,6460.399053,128.540865
16.7000,269189.687456,24156.916954,6522.936853,129.784258
16.7500,268916.242762,24366.020570,6586.016341,131.038415
16.8000,268640.712603,24576.653083,6649.641485,132.303412
16.8500,268363.086707,24788.820700,6713.816268,133.579330
16.9000,268083.354854,25002.529564,6778.544688,134.866248
16.9500,267801.506876,25217.785746,6843.830762,136.164245
17.0000,267517.532658,25434.595252,6909.678520,137.473402
17.0500,267231.422140,25652.964010,6976.092009,138.793798
17.1000,266943.165325,25872.897880,7043.075290,140.125515
17.1500,266652.752271,26094.402641,7110.632439,141.468632
17.2000,266360.173103,26317.483996,7178.767550,142.823232
17.2500,266065.418010,26542.147568,7247.484727,144.189396
17.3000,265768.477250,26768.398895,7316.788093,145.567205
17.3500,265469.341149,26996.243433,7386.681782,146.956742
17.4000,265168.000107,27225.686550,7457.169944,148.358089
17.4500,264864.444597,27456.733525,7528.256742,149.771328
17.5000,264558.665172,27689.389547,7599.946353,151.196543
17.5500,264250.652464,27923.659710,7672.242967,152.633816
17.6000,263940.397184,28159.549013,7745.150787,154.083231
17.6500,263627.890132,28397.062358,7818.674029,155.544872
17.7000,263313.122194,28636.204545,7892.816923,157.018821
17.7500,262996.084344,28876.980273,7967.583709,158.505165
17.8000,262676.767651,29119.394136,8042.978640,160.003986
17.8500,262355.163276,29363.450622,8119.005982,161.515370
17.9000,262031.262481,29609.154108,8195.670011,163.039400
17.9500,261705.056626,29856.508860,8272.975014,164.576164
18.0000,261376.537173,30105.519029,8350.925291,166.125744
18.0500,261045.695693,30356.188653,8429.525152,167.688228
18.1000,260712.523861,30608.521646,8508.778914,169.263700
18.1500,260377.013466,30862.521807,8588.690909,170.852247
18.2000,260039.156410,31118.192805,8669.265476,172.453954
18.2500,259698.944710,31375.538188,8750.506963,174.068908
18.3000,259356.370503,31634.561374,8832.419728,175.697195
18.3500,259011.426049,31895.265649,8915.008139,177.338901
18.4000,258664.103732,32157.654167,8998.276569,178.994115
18.4500,258314.396063,32421.729947,9082.229403,180.662921
18.5000,257962.295683,32687.495867,9166.871030,182.345408
18.5500,257607.795367,32954.954667,9252.205848,184.041662
18.6000,257250.888027,33224.108944,9338.238263,185.751772
18.6500,256891.566713,33494.961147,9424.972686,187.475823
18.7000,256529.824615,33767.513580,9512.413535,189.213905
18.7500,256165.655070,34041.768393,9600.565232,190.966103
18.8000,255799.051563,34317.727585,9689.432208,192.732508
18.8500,255430.007727,34595.393000,9779.018895,194.513205
18.9000,255058.517350,34874.766323,9869.329732,196.308283
18.9500,254684.574377,35155.849079,9960.369161,198.117831
19.0000,254308.172910,35438.642628,10052.141629,199.941935
19.0500,253929.307216,35723.148166,10144.651586,201.780686
19.1000,253547.971724,36009.366722,10237.903485,203.634169
19.1500,253164.161033,36297.299152,10331.901779,205.502475
19.2000,252777.869913,36586.946142,10426.650926,207.385691
19.2500,252389.093308,36878.308199,10522.155385,209.283905
19.3000,251997.826338,37171.385654,10618.419615,211.197206
19.3500,251604.064303,37466.178658,10715.448077,213.125682
19.4000,251207.802687,37762.687177,10813.245231,215.069421
19.4500,250809.037159,38060.910993,10911.815537,217.028513
19.5000,250407.763576,38360.849701,11011.163455,219.003044
19.5500,250003.977987,38662.502703,11111.293441,220.993104
19.6000,249597.676637,38965.869210,11212.209954,222.998781
19.6500,249188.855967,39270.948238,11313.917445,225.020162
19.7000,248777.512620,39577.738605,11416.420368,227.057336
19.7500,248363.643440,39886.238929,11519.723168,229.110392
19.8000,247947.245479,40196.447625,11623.830291,231.179416
19.8500,247528.315998,40508.362904,11728.746175,233.264497
19.9000,247106.852470,40821.982769,11834.475255,235.365723
19.9500,246682.852584,41137.305016,11941.021961,237.483181
20.0000,246256.314244,41454.327227,12048.390715,239.616959
20.0500,245827.235578,41773.046770,12156.585933,241.767144
20.1000,245395.614935,42093.460798,12265.612026,243.933823
20.1500,244961.450892,42415.566244,12375.473395,246.117084
20.2000,244524.742255,42739.359822,12486.174434,248.317014
20.2500,244085.488061,43064.838022,12597.719526,250.533698
20.3000,243643.687581,43391.997109,12710.113048,252.767225
20.3500,243199.340327,43720.833121,12823.359365,255.017679
20.4000,242752.446046,44051.341867,12937.462830,257.285148
20.4500,242303.004732,44383.518924,13052.427788,259.569717
20.5000,241851.016623,44717.359635,13168.258570,261.871472
20.5500,241396.482205,45052.859109,13284.959496,264.190497
20.6000,240939.402214,45390.012217,13402.534871,266.526880
20.6500,240479.777641,45728.813591,13520.988988,268.880703
20.7000,240017.609731,46069.257621,13640.326125,271.252052
20.7500,239552.899989,46411.338454,13760.550546,273.641011
20.8000,239085.650179,46755.049993,13881.666499,276.047664
20.8500,238615.862329,47100.385893,14003.678214,278.472095
20.9000,238143.538733,47447.339561,14126.589907,280.914386
20.9500,237668.681953,47795.904155,14250.405776,283.374621
21.0000,237191.294821,48146.072580,14375.129999,285.852883
21.0500,236711.380441,48497.837487,14500.766737,288.349253
21.1000,236228.942193,48851.191274,14627.320131,290.863813
21.1500,235743.983732,49206.126080,14754.794302,293.396645
21.2000,235256.508995,49562.633789,14883.193350,295.947830
21.2500,234766.522197,49920.706023,15012.521353,298.517448
21.3000,234274.027838,50280.334145,15142.782369,301.105579
21.3500,233779.030705,50641.509255,15273.980432,303.712303
21.4000,233281.535868,51004.222191,15406.119550,306.337699
21.4500,232781.548689,51368.463525,15539.203712,308.981846
21.5000,232279.074820,51734.223566,15673.236877,311.644821
21.5500,231774.120206,52101.492352,15808.222982,314.326703
21.6000,231266.691087,52470.259659,15944.165936,317.027569
21.6500,230756.793997,52840.514989,16081.069622,319.747495
21.7000,230244.435769,53212.247579,16218.937894,322.486557
21.7500,229729.623536,53585.446392,16357.774580,325.244830
21.8000,229212.364730,53960.100124,16497.583476,328.022390
21.8500,228692.667087,54336.197195,16638.368351,330.819311
21.9000,228170.538643,54713.725756,16780.132942,333.635666
21.9500,227645.987743,55092.673682,16922.880955,336.471528
22.0000,227119.023035,55473.028579,17066.616065,339.326970
22.0500,226589.653474,55854.777775,17211.341912,342.202063
22.1000,226057.888325,56237.908326,17357.062106,345.096879
22.1500,225523.737161,56622.407013,17503.780221,348.011488
22.2000,224987.209864,57008.260343,17651.499797,350.945959
22.2500,224448.316628,57395.454548,17800.224337,353.900362
22.3000,223907.067960,57783.975584,17949.957311,356.874765
22.3500,223363.474676,58173.809134,18100.702148,359.869234
22.4000,222817.547907,58564.940606,18252.462243,362.883838
22.4500,222269.299097,58957.355133,18405.240951,365.918641
22.5000,221718.740005,59351.037575,18559.041588,368.973710
22.5500,221165.882702,59745.972517,18713.867432,372.049107
22.6000,220610.739576,60142.144272,18869.721717,375.144898
22.6500,220053.323329,60539.536878,19026.607640,378.261145
22.7000,219493.646976,60938.134104,19184.528353,381.397909
22.7500,218931.723849,61337.919444,19343.486967,384.555251
22.8000,218367.567595,61738.876125,19503.486550,387.733233
22.8500,217801.192174,62140.987100,19664.530123,390.931913
22.9000,217232.611863,62544.235056,19826.620668,394.151349
22.9500,216661.841251,62948.602410,19989.761116,397.391599
23.0000,216088.895242,63354.071316,20153.954355,400.652719
23.0500,215513.789052,63760.623658,20319.203226,403.934766
23.1000,214936.538211,64168.241057,20485.510521,407.237794
23.1500,214357.158561,64576.904873,20652.878986,410.561856
23.2000,213775.666255,64986.596202,20821.311317,413.907005
23.2500,213192.077755,65397.295881,20990.810160,417.273294
23.3000,212606.409835,65808.984490,21161.378113,420.660772
23.3500,212018.679575,66221.642351,21333.017720,424.069489
23.4000,211428.904363,66635.249531,21505.731476,427.499495
23.4500,210837.101895,67049.785846,21679.521822,430.950836
23.5000,210243.290167,67465.230860,21854.391150,434.423559
23.5500,209647.487484,67881.563888,22030.341793,437.917710
23.6000,209049.712447,68298.763999,22207.376033,441.433334
23.6500,208449.983961,68716.810019,22385.496099,444.970473
23.7000,207848.321227,69135.680529,22564.704160,448.529169
23.7500,207244.743745,69555.353875,22745.002333,452.109465
23.8000,206639.271307,69975.808162,22926.392677,455.711399
23.8500,206031.923999,70397.021264,23108.877193,459.335010
23.9000,205422.722197,70818.970821,23292.457826,462.980337
23.9500,204811.686564,71241.634247,23477.136460,466.647416
24.0000,204198.838052,71664.988727,23662.914923,470.336281
24.0500,203584.197893,72089.011227,23849.794980,474.046967
24.1000,202967.787603,72513.678490,24037.778340,477.779507
24.1500,202349.628975,72938.967045,24226.866647,481.533933
24.2000,201729.744078,73364.853206,24417.061486,485.310275
24.2500,201108.155253,73791.313079,24608.364381,489.108562
24.3000,200484.885112,74218.322561,24800.776791,492.928822
24.3500,199859.956536,74645.857348,24994.300114,496.771083
24.4000,199233.392666,75073.892937,25188.935683,500.635368
24.4500,198605.216908,75502.404628,25384.684769,504.521703
24.5000,197975.452922,75931.367528,25581.548578,508.430110
24.5500,197344.124625,76360.756560,25779.528250,512.360611
24.6000,196711.256184,76790.546459,25978.624860,516.313226
24.6500,196076.872014,77220.711781,26178.839417,520.287974
24.7000,195440.996773,77651.226906,26380.172864,524.284873
24.7500,194803.655358,78082.066043,26582.626078,528.303938
24.8000,194164.872905,78513.203232,26786.199866,532.345186
24.8500,193524.674780,78944.612351,26990.894970,536.408629
24.9000,192883.086579,79376.267116,27196.712063,540.494279
24.9500,192240.134123,79808.141093,27403.651749,544.602147
25.0000,191595.843451,80240.207694,27611.714564,548.732244
25.0500,190950.240820,80672.440188,27820.900973,552.884576
25.1000,190303.352698,81104.811701,28031.211373,557.059151
25.1500,189655.205762,81537.295225,28242.646091,561.255973
25.2000,189005.826890,81969.863621,28455.205382,565.475047
25.2500,188355.243159,82402.489620,28668.889432,569.716375
25.3000,187703.481843,82835.145836,28883.698354,573.979959
25.3500,187050.570400,83267.804764,29099.632192,578.265796
25.4000,186396.536478,83700.438787,29316.690917,582.573887
25.4500,185741.407901,84133.020182,29534.874428,586.904227
25.5000,185085.212670,84565.521126,29754.182552,591.256812
25.5500,184427.978956,84997.913699,29974.615044,595.631636
25.6000,183769.735094,85430.169889,30196.171586,600.028691
25.6500,183110.509580,85862.261599,30418.851785,604.447967
25.7000,182450.331066,86294.160652,30642.655179,608.889455
25.7500,181789.228350,86725.838796,30867.581229,613.353142
25.8000,181127.230379,87157.267710,31093.629325,617.839015
25.8500,180464.366236,87588.419008,31320.798781,622.347059
25.9000,179800.665140,88019.264245,31549.088838,626.877257
25.9500,179136.156439,88449.774923,31778.498665,631.429592
26.0000,178470.869601,88879.922498,32009.027353,636.004044
26.0500,177804.834216,89309.678383,32240.673922,640.600593
26.1000,177138.079983,89739.013954,32473.437316,645.219215
26.1500,176470.636708,90167.900558,32707.316406,649.859887
26.2000,175802.534301,90596.309514,32942.309985,654.522584
26.2500,175133.802763,91024.212125,33178.416776,659.207278
26.3000,174464.472189,91451.579678,33415.635425,663.913942
26.3500,173794.572755,91878.383453,33653.964502,668.642546
26.4000,173124.134716,92304.594729,33893.402505,673.393058
26.4500,172453.188402,92730.184785,34133.947856,678.165446
26.5000,171781.764207,93155.124912,34375.598903,682.959675
26.5500,171109.892587,93579.386417,34618.353918,687.775709
26.6000,170437.604054,94002.940625,34862.211099,692.613512
26.6500,169764.929168,94425.758890,35107.168571,697.473044
26.7000,169091.898534,94847.812595,35353.224383,702.354265
26.7500,168418.542794,95269.073166,35600.376509,707.257134
26.8000,167744.892623,95689.512069,35848.622851,712.181607
26.8500,167070.978719,96109.100822,36097.961235,717.127640
26.9000,166396.831802,96527.810995,36348.389414,722.095185
26.9500,165722.482608,96945.614224,36599.905066,727.084197
27.0000,165047.961879,97362.482208,36852.505797,732.094625
27.0500,164373.300358,97778.386720,37106.189139,737.126419
27.1000,163698.528789,98193.299612,37360.952549,742.179527
27.1500,163023.677902,98607.192817,37616.793413,747.253896
27.2000,162348.778414,99020.038361,37873.709044,752.349470
27.2500,161673.861023,99431.808363,38131.696680,757.466193
27.3000,160998.956395,99842.475045,38390.753491,762.604007
27.3500,160324.095167,100252.010731,38650.876570,767.762853
27.4000,159649.307937,100660.387861,38912.062943,772.942671
27.4500,158974.625259,101067.578991,39174.309559,778.143397
27.5000,158300.077634,101473.556799,39437.613302,783.364969
27.5500,157625.695510,101878.294091,39701.970980,788.607322
27.6000,156951.509273,102281.763808,39967.379332,793.870388
27.6500,156277.549241,102683.939029,40233.835030,799.154101
27.7000,155603.845660,103084.792976,40501.334670,804.458391
27.7500,154930.428697,103484.299022,40769.874785,809.783188
27.8000,154257.328434,103882.430695,41039.451834,815.128419
27.8500,153584.574866,104279.161680,41310.062210,820.494011
27.9000,152912.197889,104674.465828,41581.702238,825.879890
27.9500,152240.227302,105068.317160,41854.368174,831.285980
28.0000,151568.692797,105460.689873,42128.056206,836.712202
28.0500,150897.623953,105851.558340,42402.762457,842.158480
28.1000,150227.050235,106240.897122,42678.482984,847.624732
28.1500,149557.000984,106628.680966,42955.213775,853.110877
28.2000,148887.505414,107014.884815,43232.950755,858.616832
28.2500,148218.592609,107399.483811,43511.689785,864.142514
28.3000,147550.291512,107782.453296,43791.426659,869.687837
28.3500,146882.630927,108163.768822,44072.157109,875.252716
28.4000,146215.639509,108543.406153,44353.876802,880.837061
28.4500,145549.345761,108921.341267,44636.581345,886.440785
28.5000,144883.778028,109297.550365,44920.266281,892.063796
28.5500,144218.964495,109672.009873,45204.927091,897.706004
28.6000,143554.933178,110044.696442,45490.559196,903.367316
28.6500,142891.711924,110415.586961,45777.157956,909.047637
28.7000,142229.328404,110784.658551,46064.718672,914.746873
28.7500,141567.810106,111151.888578,46353.236584,920.464928
28.8000,140907.184336,111517.254650,46642.706877,926.201704
28.8500,140247.478210,111880.734623,46933.124674,931.957102
28.9000,139588.718650,112242.306606,47224.485043,937.731024
28.9500,138930.932382,112601.948962,47516.782996,943.523367
29.0000,138274.145929,112959.640314,47810.013487,949.334031
29.0500,137618.385608,113315.359547,48104.171416,955.162911
29.1000,136963.677528,113669.085810,48399.251629,961.009905
29.1500,136310.047582,114020.798522,48695.248917,966.874906
29.2000,135657.521447,114370.477373,48992.158019,972.757808
29.2500,135006.124580,114718.102328,49289.973620,978.658505
29.3000,134355.882211,115063.653628,49588.690354,984.576888
29.3500,133706.819343,115407.111796,49888.302804,990.512847
29.4000,133058.960748,115748.457637,50188.805504,996.466272
29.4500,132412.330962,116087.672242,50490.192937,1002.437052
29.5000,131766.954282,116424.736990,50792.459537,1008.425074
29.5500,131122.854765,116759.633550,51095.599690,1014.430226
29.6000,130480.056223,117092.343885,51399.607737,1020.452393
29.6500,129838.582220,117422.850252,51704.477968,1026.491460
29.7000,129198.456070,117751.135205,52010.204633,1032.547311
29.7500,128559.700832,118077.181598,52316.781931,1038.619828
29.8000,127922.339312,118400.972585,52624.204022,1044.708895
29.8500,127286.394054,118722.491625,52932.465020,1050.814393
29.9000,126651.887344,119041.722480,53241.558996,1056.936202
29.9500,126018.841201,119358.649219,53551.479980,1063.074201
30.0000,125387.277381,119673.256219,53862.221961,1069.228270
30.0500,124757.217369,119985.528165,54173.778888,1075.398287
30.1000,124128.682381,120295.450054,54486.144671,1081.584129
30.1500,123501.693361,120603.007196,54799.313179,1087.785672
30.2000,122876.270976,120908.185213,55113.278246,1094.002792
30.2500,122252.435619,121210.970039,55428.033668,1100.235365
30.3000,121630.207404,121511.347928,55743.573205,1106.483264
30.3500,121009.606163,121809.305445,56059.890580,1112.746364
30.4000,120390.651451,122104.829476,56376.979484,1119.024537
30.4500,119773.362534,122397.907221,56694.833573,1125.317655
30.5000,119157.758398,122688.526202,57013.446470,1131.625590
30.5500,118543.857742,122976.674255,57332.811768,1137.948213
30.6000,117931.678975,123262.339540,57652.923025,1144.285395
30.6500,117321.240222,123545.510531,57973.773772,1150.637004
30.7000,116712.559315,123826.176027,58295.357508,1157.002911
30.7500,116105.653797,124104.325143,58617.667706,1163.382984
30.8000,115500.540920,124379.947315,58940.697809,1169.777091
30.8500,114897.237645,124653.032298,59264.441233,1176.185100
30.9000,114295.760636,124923.570167,59588.891369,1182.606877
30.9500,113696.126268,125191.551318,59914.041582,1189.042290
31.0000,113098.350619,125456.966464,60239.885212,1195.491203
31.0500,112502.449475,125719.806637,60566.415576,1201.953483
31.1000,111908.438325,125980.063188,60893.625968,1208.428995
31.1500,111316.332363,126237.727786,61221.509658,1214.917604
31.2000,110726.146489,126492.792414,61550.059899,1221.419173
31.2500,110137.895306,126745.249376,61879.269919,1227.933567
31.3000,109551.593124,126995.091289,62209.132929,1234.460649
31.3500,108967.253953,127242.311083,62539.642121,1241.000282
31.4000,108384.891512,127486.902006,62870.790668,1247.552329
31.4500,107804.519222,127728.857616,63202.571728,1254.116653
31.5000,107226.150211,127968.171781,63534.978439,1260.693115
31.5500,106649.797311,128204.838684,63868.003927,1267.281578
31.6000,106075.473059,128438.852814,64201.641301,1273.881902
31.6500,105503.189702,128670.208967,64535.883658,1280.493950
31.7000,104932.959189,128898.902249,64870.724080,1287.117581
31.7500,104364.793181,129124.928069,65206.155638,1293.752658
31.8000,103798.703043,129348.282139,65542.171390,1300.399040
31.8500,103234.699853,129568.960474,65878.764386,1307.056587
31.9000,102672.794395,129786.959389,66215.927662,1313.725160
31.9500,102112.997168,130002.275498,66553.654249,1320.404619
32.0000,101555.318378,130214.905711,66891.937167,1327.094824
32.0500,100999.767948,130424.847234,67230.769429,1333.795634
32.1000,100446.355513,130632.097566,67570.144040,1340.506909
32.1500,99895.090422,130836.654496,67910.054002,1347.228507
32.2000,99345.981742,131038.516104,68250.492308,1353.960290
32.2500,98799.038258,131237.680755,68591.451948,1360.702115
32.3000,98254.268471,131434.147101,68932.925909,1367.453842
32.3500,97711.680606,131627.914076,69274.907174,1374.215329
32.4000,97171.282608,131818.980895,69617.388722,1380.986437
32.4500,96633.082144,132007.347051,69960.363534,1387.767024
32.5000,96097.086609,132193.012313,70303.824586,1394.556949
32.5500,95563.303121,132375.976725,70647.764857,1401.356071
32.6000,95031.738529,132556.240600,70992.177325,1408.164249
32.6500,94502.399411,132733.804521,71337.054968,1414.981342
32.7000,93975.292076,132908.669340,71682.390769,1421.807210
32.7500,93450.422567,133080.836168,72028.177711,1428.641711
32.8000,92927.796662,133250.306382,72374.408780,1435.484704
32.8500,92407.419878,133417.081615,72721.076968,1442.336050
32.9000,91889.297468,133581.163756,73068.175270,1449.195608
32.9500,91373.434429,133742.554950,73415.696687,1456.063236
33.0000,90859.835499,133901.257590,73763.634226,1462.938796
33.0500,90348.505163,134057.274320,74111.980899,1469.822145
33.1000,89839.447653,134210.608025,74460.729727,1476.713146
33.1500,89332.666950,134361.261837,74809.873738,1483.611657
33.2000,88828.166786,134509.239125,75159.405969,1490.517539
33.2500,88325.950649,134654.543497,75509.319465,1497.430652
33.3000,87826.021781,134797.178791,75859.607282,1504.350858
33.3500,87328.383183,134937.149082,76210.262485,1511.278016
33.4000,86833.037618,135074.458668,76561.278151,1518.211989
33.4500,86339.987610,135209.112074,76912.647368,1525.152638
33.5000,85849.235449,135341.114050,77264.363236,1532.099823
33.5500,85360.783194,135470.469561,77616.418868,1539.053408
33.6000,84874.632672,135597.183792,77968.807389,1546.013254
33.6500,84390.785484,135721.262139,78321.521939,1552.979224
33.7000,83909.243005,135842.710209,78674.555672,1559.951180
33.7500,83430.006389,135961.533818,79027.901758,1566.928986
33.8000,82953.076569,136077.738985,79381.553379,1573.912504
33.8500,82478.454259,136191.331930,79735.503736,1580.901599
33.9000,82006.139961,136302.319071,80089.746047,1587.896135
33.9500,81536.133963,136410.707023,80444.273543,1594.895975
34.0000,81068.436342,136516.502593,80799.079476,1601.900985
34.0500,80603.046968,136619.712774,81154.157116,1608.911030
34.1000,80139.965508,136720.344749,81509.499748,1615.925975
34.1500,79679.191425,136818.405881,81865.100680,1622.945685
34.2000,79220.723984,136913.903714,82220.953237,1629.970029
34.2500,78764.562250,137006.845970,82577.050765,1636.998870
34.3000,78310.705097,137097.240542,82933.386628,1644.032078
34.3500,77859.151205,137185.095496,83289.954215,1651.069520
34.4000,77409.899066,137270.419065,83646.746931,1658.111062
34.4500,76962.946985,137353.219644,84003.758207,1665.156575
34.5000,76518.293083,137433.505793,84360.981494,1672.205926
34.5500,76075.935300,137511.286229,84718.410266,1679.258984
34.6000,75635.871398,137586.569824,85076.038018,1686.315621
34.6500,75198.098962,137659.365600,85433.858273,1693.375705
34.7000,74762.615404,137729.682733,85791.864571,1700.439107
34.7500,74329.417966,137797.530542,86150.050483,1707.505699
34.8000,73898.503722,137862.918488,86508.409598,1714.575352
34.8500,73469.869579,137925.856175,86866.935535,1721.647938
34.9000,73043.512284,137986.353342,87225.621935,1728.723331
34.9500,72619.428421,138044.419863,87584.462466,1735.801402
35.0000,72197.614419,138100.065743,87943.450821,1742.882027
35.0500,71778.066552,138153.301115,88302.580719,1749.965079
35.1000,71360.780939,138204.136237,88661.845906,1757.050432
35.1500,70945.753552,138252.581489,89021.240156,1764.137964
35.2000,70532.980217,138298.647370,89380.757268,1771.227548
35.2500,70122.456612,138342.344497,89740.391069,1778.319062
35.3000,69714.178277,138383.683599,90100.135416,1785.412382
35.3500,69308.140610,138422.675516,90459.984190,1792.507387
35.4000,68904.338874,138459.331196,90819.931304,1799.603954
35.4500,68502.768198,138493.661691,91179.970697,1806.701963
35.5000,68103.423577,138525.678157,91540.096339,1813.801291
35.5500,67706.299881,138555.391847,91900.302228,1820.901820
35.6000,67311.391851,138582.814111,92260.582391,1828.003429
35.6500,66918.694103,138607.956394,92620.930885,1835.106000
35.7000,66528.201135,138630.830231,92981.341798,1842.209415
35.7500,66139.907323,138651.447246,93341.809246,1849.313556
35.8000,65753.806928,138669.819147,93702.327378,1856.418305
35.8500,65369.894096,138685.957726,94062.890370,1863.523547
35.9000,64988.162862,138699.874856,94423.492433,1870.629165
35.9500,64608.607153,138711.582487,94784.127805,1877.735044
36.0000,64231.220786,138721.092642,95144.790757,1884.841069
36.0500,63855.997476,138728.417420,95505.475592,1891.947127
36.1000,63482.930836,138733.568987,95866.176644,1899.053105
36.1500,63112.014379,138736.559577,96226.888278,1906.158889
36.2000,62743.241519,138737.401491,96587.604892,1913.264368
36.2500,62376.605578,138736.107089,96948.320915,1920.369430
36.3000,62012.099784,138732.688792,97309.030808,1927.473964
36.3500,61649.717272,138727.159080,97669.729066,1934.577861
36.4000,61289.451093,138719.530487,98030.410216,1941.681010
36.4500,60931.294209,138709.815598,98391.068817,1948.783304
36.5000,60575.239499,138698.027051,98751.699460,1955.884634
36.5500,60221.279762,138684.177531,99112.296771,1962.984892
36.6000,59869.407716,138668.279767,99472.855408,1970.083973
36.6500,59519.616002,138650.346535,99833.370062,1977.181769
36.7000,59171.897185,138630.390648,100193.835457,1984.278175
36.7500,58826.243760,138608.424961,100554.246352,1991.373087
36.8000,58482.648149,138584.462364,100914.597536,1998.466400
36.8500,58141.102704,138558.515783,101274.883836,2005.558011
36.9000,57801.599712,138530.598175,101635.100110,2012.647818
36.9500,57464.131397,138500.722528,101995.241250,2019.735718
37.0000,57128.689915,138468.901859,102355.302182,2026.821610
37.0500,56795.267368,138435.149210,102715.277865,2033.905392
37.1000,56463.855793,138399.477647,103075.163295,2040.986967
37.1500,56134.447174,138361.900258,103434.953497,2048.066233
37.2000,55807.033440,138322.430154,103794.643536,2055.143092
37.2500,55481.606464,138281.080461,104154.228505,2062.217447
37.3000,55158.158070,138237.864323,104513.703536,2069.289199
37.3500,54836.680034,138192.794896,104873.063793,2076.358253
37.4000,54517.164083,138145.885353,105232.304475,2083.424513
37.4500,54199.601896,138097.148874,105591.420814,2090.487883
37.5000,53883.985113,138046.598649,105950.408077,2097.548270
37.5500,53570.305327,137994.247875,106309.261566,2104.605578
37.6000,53258.554095,137940.109756,106667.976617,2111.659715
37.6500,52948.722931,137884.197497,107026.548600,2118.710590
37.7000,52640.803316,137826.524308,107384.972918,2125.758109
37.7500,52334.786692,137767.103396,107743.245011,2132.802181
37.8000,52030.664471,137705.947970,108101.360352,2139.842718
37.8500,51728.428029,137643.071233,108459.314449,2146.879628
37.9000,51428.068714,137578.486387,108817.102843,2153.912823
37.9500,51129.577845,137512.206624,109174.721109,2160.942215
38.0000,50832.946712,137444.245132,109532.164859,2167.967716
38.0500,50538.166581,137374.615087,109889.429738,2174.989240
38.1000,50245.228692,137303.329656,110246.511423,2182.006699
38.1500,49954.124264,137230.401994,110603.405629,2189.020009
38.2000,49664.844493,137155.845243,110960.108102,2196.029084
38.2500,49377.380556,137079.672528,111316.614624,2203.033842
38.3000,49091.723610,137001.896960,111672.921010,2210.034197
38.3500,48807.864796,136922.531632,112029.023110,2217.030067
38.4000,48525.795240,136841.589616,112384.916808,2224.021371
38.4500,48245.506051,136759.083968,112740.598021,2231.008027
38.5000,47966.988326,136675.027719,113096.062701,2237.989954
38.5500,47690.233152,136589.433879,113451.306832,2244.967073
38.6000,47415.231604,136502.315432,113806.326435,2251.939303
38.6500,47141.974746,136413.685340,114161.117563,2258.906566
38.7000,46870.453636,136323.556538,114515.676300,2265.868785
38.7500,46600.659325,136231.941930,114869.998769,2272.825882
38.8000,46332.582859,136138.854397,115224.081122,2279.777779
38.8500,46066.215276,136044.306786,115577.919546,2286.724403
38.9000,45801.547615,135948.311916,115931.510263,2293.665676
38.9500,45538.570911,135850.882573,116284.849525,2300.601524
39.0000,45277.276197,135752.031510,116637.933620,2307.531874
39.0500,45017.654507,135651.771448,116990.758868,2314.456653
39.1000,44759.696876,135550.115070,117343.321621,2321.375786
39.1500,44503.394342,135447.075026,117695.618267,2328.289204
39.2000,44248.737943,135342.663929,118047.645223,2335.196834
39.2500,43995.718726,135236.894353,118399.398942,2342.098605
39.3000,43744.327738,135129.778837,118750.875907,2348.994448
39.3500,43494.556036,135021.329875,119102.072636,2355.884294
39.4000,43246.394682,134911.559927,119452.985678,2362.768073
39.4500,42999.834747,134800.481407,119803.611614,2369.645718
39.5000,42754.867310,134688.106691,120153.947058,2376.517161
39.5500,42511.483461,134574.448110,120503.988656,2383.382336
39.6000,42269.674300,134459.517952,120853.733086,2390.241176
39.6500,42029.430938,134343.328463,121203.177058,2397.093617
39.7000,41790.744499,134225.891841,121552.317313,2403.939592
39.7500,41553.606121,134107.220241,121901.150625,2410.779039
39.8000,41318.006955,133987.325771,122249.673799,2417.611893
39.8500,41083.938165,133866.220491,122597.883670,2424.438092
39.9000,40851.390935,133743.916416,122945.777106,2431.257573
39.9500,40620.356462,133620.425511,123293.351007,2438.070276
40.0000,40390.825960,133495.759693,123640.602301,2444.876137
40.0500,40162.790662,133369.930830,123987.527949,2451.675099
40.1000,39936.241820,133242.950738,124334.124943,2458.467100
40.1500,39711.170702,133114.831186,124680.390305,2465.252081
40.2000,39487.568600,132985.583890,125026.321088,2472.029984
40.2500,39265.426824,132855.220514,125371.914374,2478.800751
40.3000,39044.736705,132723.752671,125717.167278,2485.564324
40.3500,38825.489597,132591.191923,126062.076941,2492.320648
40.4000,38607.676875,132457.549776,126406.640538,2499.069665
40.4500,38391.289938,132322.837684,126750.855273,2505.811321
40.5000,38176.320207,132187.067049,127094.718377,2512.545560
40.5500,37962.759128,132050.249216,127438.227114,2519.272328
40.6000,37750.598173,131912.395476,127781.378775,2525.991571
40.6500,37539.828837,131773.517067,128124.170682,2532.703236
40.7000,37330.442641,131633.625170,128466.600185,2539.407271
40.7500,37122.431133,131492.730909,128808.664664,2546.103623
40.8000,36915.785887,131350.845356,129150.361527,2552.792242
40.8500,36710.498504,131207.979522,129491.688211,2559.473076
40.9000,36506.560612,131064.144364,129832.642180,2566.146075
40.9500,36303.963869,130919.350782,130173.220931,2572.811190
41.0000,36102.699960,130773.609617,130513.421983,2579.468371
41.0500,35902.760598,130626.931655,130853.242889,2586.117570
41.1000,35704.137528,130479.327622,131192.681225,2592.758739
41.1500,35506.822522,130330.808187,131531.734599,2599.391830
41.2000,35310.807382,130181.383961,131870.400644,2606.016797
41.2500,35116.083944,130031.065495,132208.677021,2612.633593
41.3000,34922.644070,129879.863284,132546.561418,2619.242172
41.3500,34730.479656,129727.787760,132884.051553,2625.842490
41.4000,34539.582629,129574.849301,133221.145167,2632.434501
41.4500,34349.944947,129421.058222,133557.840030,2639.018162
41.5000,34161.558601,129266.424780,133894.133940,2645.593429
41.5500,33974.415615,129110.959173,134230.024718,2652.160258
41.6000,33788.508044,128954.671537,134565.510215,2658.718608
41.6500,33603.827976,128797.571952,134900.588306,2665.268436
41.7000,33420.367534,128639.670434,135235.256894,2671.809701
41.7500,33238.118873,128480.976943,135569.513906,2678.342362
41.8000,33057.074182,128321.501376,135903.357296,2684.866378
41.8500,32877.225685,128161.253571,136236.785044,2691.381710
41.9000,32698.565638,128000.243305,136569.795154,2697.888318
41.9500,32521.086335,127838.480295,136902.385657,2704.386163
42.0000,32344.780100,127675.974200,137234.554608,2710.875207
42.0500,32169.639297,127512.734615,137566.300087,2717.355412
42.1000,31995.656320,127348.771076,137897.620200,2723.826741
42.1500,31822.823602,127184.093059,138228.513077,2730.289156
42.2000,31651.133609,127018.709980,138558.976873,2736.742622
42.2500,31480.578845,126852.631194,138889.009766,2743.187101
42.3000,31311.151846,126685.865994,139218.609960,2749.622560
42.3500,31142.845189,126518.423615,139547.775683,2756.048963
42.4000,30975.651482,126350.313230,139876.505184,2762.466275
42.4500,30809.563372,126181.543953,140204.796740,2768.874463
42.5000,30644.573542,126012.124836,140532.648650,2775.273493
42.5500,30480.674709,125842.064872,140860.059234,2781.663332
42.6000,30317.859631,125671.372993,141187.026839,2788.043947
42.6500,30156.121099,125500.058071,141513.549834,2794.415307
42.7000,29995.451941,125328.128918,141839.626609,2800.777380
42.7500,29835.845022,125155.594287,142165.255579,2807.130134
42.8000,29677.293246,124982.462868,142490.435182,2813.473538
42.8500,29519.789552,124808.743294,142815.163876,2819.807564
42.9000,29363.326914,124634.444138,143139.440145,2826.132180
42.9500,29207.898348,124459.573911,143463.262491,2832.447357
43.0000,29053.496902,124284.141067,143786.629442,2838.753067
43.0500,28900.115666,124108.153999,144109.539544,2845.049280
43.1000,28747.747762,123931.621041,144431.991369,2851.335970
43.1500,28596.386353,123754.550469,144753.983508,2857.613108
43.2000,28446.024639,123576.950497,145075.514573,2863.880666
43.2500,28296.655855,123398.829282,145396.583199,2870.138619
43.3000,28148.273276,123220.194923,145717.188040,2876.386940
43.3500,28000.870211,123041.055459,146037.327774,2882.625603
43.4000,27854.440010,122861.418870,146357.001098,2888.854582
43.4500,27708.976059,122681.293078,146676.206729,2895.073853
43.5000,27564.471779,122500.685948,146994.943405,2901.283390
43.5500,27420.920631,122319.605286,147313.209885,2907.483170
43.6000,27278.316113,122138.058839,147631.004949,2913.673168
43.6500,27136.651759,121956.054299,147948.327394,2919.853361
43.7000,26995.921142,121773.599297,148265.176041,2926.023727
43.7500,26856.117869,121590.701409,148581.549727,2932.184241
43.8000,26717.235589,121407.368154,148897.447311,2938.334883
43.8500,26579.267983,121223.606993,149212.867670,2944.475630
43.9000,26442.208773,121039.425330,149527.809703,2950.606461
43.9500,26306.051716,120854.830513,149842.272324,2956.727354
44.0000,26170.790607,120669.829834,150156.254469,2962.838290
44.0500,26036.419277,120484.430527,150469.755094,2968.939246
44.1000,25902.931595,120298.639773,150782.773169,2975.030205
44.1500,25770.321465,120112.464694,151095.307687,2981.111145
44.2000,25638.582830,119925.912359,151407.357658,2987.182048
44.2500,25507.709668,119738.989779,151718.922111,2993.242895
44.3000,25377.695995,119551.703913,152030.000090,2999.293667
44.3500,25248.535861,119364.061663,152340.590662,3005.334347
44.4000,25120.223356,119176.069877,152650.692908,3011.364916
44.4500,24992.752604,118987.735349,152960.305928,3017.385357
44.5000,24866.117766,118799.064816,153269.428841,3023.395653
44.5500,24740.313039,118610.064966,153578.060780,3029.395787
44.6000,24615.332655,118420.742428,153886.200899,3035.385743
44.6500,24491.170885,118231.103781,154193.848367,3041.365505
44.7000,24367.822032,118041.155550,154501.002370,3047.335057
44.7500,24245.280438,117850.904206,154807.662113,3053.294384
44.8000,24123.540480,117660.356169,155113.826815,3059.243470
44.8500,24002.596569,117469.517803,155419.495713,3065.182302
44.9000,23882.443154,117278.395424,155724.668061,3071.110865
44.9500,23763.074716,117086.995293,156029.343129,3077.029144
45.0000,23644.485775,116895.323620,156333.520202,3082.937126
45.0500,23526.670883,116703.386564,156637.198582,3088.834798
45.1000,23409.624629,116511.190232,156940.377587,3094.722147
45.1500,23293.341637,116318.740680,157243.056551,3100.599160
45.2000,23177.816564,116126.043915,157545.234824,3106.465824
45.2500,23063.044104,115933.105890,157846.911771,3112.322127
45.3000,22949.018983,115739.932511,158148.086771,3118.168058
45.3500,22835.735963,115546.529632,158448.759221,3124.003605
45.4000,22723.189840,115352.903058,158748.928531,3129.828757
45.4500,22611.375445,115159.058545,159048.594128,3135.643503
45.5000,22500.287641,114965.001799,159347.755452,3141.447832
45.5500,22389.921326,114770.738477,159646.411958,3147.241735
45.6000,22280.271432,114576.274188,159944.563118,3153.025200
45.6500,22171.332924,114381.614493,160242.208415,3158.798219
45.7000,22063.100802,114186.764903,160539.347348,3164.560782
45.7500,21955.570096,113991.730883,160835.979432,3170.312880
45.8000,21848.735874,113796.517849,161132.104194,3176.054504
45.8500,21742.593232,113601.131170,161427.721175,3181.785645
45.9000,21637.137301,113405.576170,161722.829930,3187.506295
45.9500,21532.363247,113209.858123,162017.430029,3193.216446
46.0000,21428.266265,113013.982258,162311.521056,3198.916091
46.0500,21324.841585,112817.953758,162605.102605,3204.605222
46.1000,21222.084467,112621.777760,162898.174287,3210.283831
46.1500,21119.990205,112425.459355,163190.735726,3215.951912
46.2000,21018.554125,112229.003587,163482.786557,3221.609458
46.2500,20917.771583,112032.415459,163774.326430,3227.256463
46.3000,20817.637969,111835.699924,164065.355007,3232.892920
46.3500,20718.148703,111638.861895,164355.871963,3238.518824
46.4000,20619.299236,111441.906237,164645.876987,3244.134168
46.4500,20521.085053,111244.837773,164935.369778,3249.738949
46.5000,20423.501667,111047.661282,165224.350050,3255.333160
46.5500,20326.544624,110850.381499,165512.817527,3260.916796
46.6000,20230.209498,110653.003115,165800.771948,3266.489853
46.6500,20134.491897,110455.530780,166088.213062,3272.052327
46.7000,20039.387457,110257.969100,166375.140630,3277.604213
46.7500,19944.891846,110060.322638,166661.554428,3283.145508
46.8000,19851.000760,109862.595917,166947.454239,3288.676207
46.8500,19757.709927,109664.793415,167232.839861,3294.196308
46.9000,19665.015105,109466.919571,167517.711103,3299.705806
46.9500,19572.912078,109268.978781,167802.067784,3305.204700
47.0000,19481.396665,109070.975402,168085.909738,3310.692986
47.0500,19390.464710,108872.913748,168369.236806,3316.170661
47.1000,19300.112088,108674.798092,168652.048843,3321.637725
47.1500,19210.334702,108476.632670,168934.345713,3327.094173
47.2000,19121.128486,108278.421675,169216.127293,3332.540005
47.2500,19032.489399,108080.169261,169497.393470,3337.975219
47.3000,18944.413433,107881.879544,169778.144141,3343.399813
47.3500,18856.896604,107683.556597,170058.379215,3348.813786
47.4000,18769.934959,107485.204459,170338.098610,3354.217138
47.4500,18683.524572,107286.827127,170617.302256,3359.609867
47.5000,18597.661545,107088.428560,170895.990093,3364.991972
47.5500,18512.342009,106890.012680,171174.162070,3370.363454
47.6000,18427.562120,106691.583371,171451.818147,3375.724312
47.6500,18343.318063,106493.144477,171728.958295,3381.074546
47.7000,18259.606049,106294.699808,172005.582493,3386.414157
47.7500,18176.422319,106096.253134,172281.690732,3391.743144
47.8000,18093.763137,105897.808191,172557.283011,3397.061508
47.8500,18011.624797,105699.368677,172832.359339,3402.369251
47.9000,17930.003618,105500.938252,173106.919736,3407.666373
47.9500,17848.895944,105302.520542,173380.964229,3412.952875
48.0000,17768.298148,105104.119138,173654.492857,3418.228759
48.0500,17688.206628,104905.737593,173927.505666,3423.494026
48.1000,17608.617808,104707.379425,174200.002713,3428.748678
48.1500,17529.528136,104509.048120,174471.984062,3433.992717
48.2000,17450.934089,104310.747126,174743.449789,3439.226145
48.2500,17372.832167,104112.479857,175014.399977,3444.448964
48.3000,17295.218896,103914.249693,175284.834717,3449.661176
48.3500,17218.090827,103716.059981,175554.754110,3454.862785
48.4000,17141.444535,103517.914033,175824.158266,3460.053793
48.4500,17065.276623,103319.815127,176093.047304,3465.234203
48.5000,16989.583714,103121.766510,176361.421349,3470.404018
48.5500,16914.362460,102923.771394,176629.280536,3475.563242
48.6000,16839.609534,102725.832957,176896.625009,3480.711877
48.6500,16765.321634,102527.954348,177163.454919,3485.849929
48.7000,16691.495485,102330.138681,177429.770426,3490.977399
48.7500,16618.127830,102132.389038,177695.571698,3496.094293
48.8000,16545.215442,101934.708471,177960.858909,3501.200614
48.8500,16472.755113,101737.099998,178225.632244,3506.296367
48.9000,16400.743660,101539.566608,178489.891894,3511.381556
48.9500,16329.177924,101342.111257,178753.638058,3516.456186
49.0000,16258.054768,101144.736870,179016.870943,3521.520261
49.0500,16187.371078,100947.446344,179279.590762,3526.573787
49.1000,16117.123764,100750.242542,179541.797739,3531.616768
49.1500,16047.309757,100553.128300,179803.492101,3536.649210
49.2000,15977.926011,100356.106422,180064.674086,3541.671117
49.2500,15908.969502,100159.179682,180325.343937,3546.682496
49.3000,15840.437231,99962.350826,180585.501905,3551.683352
49.3500,15772.326216,99765.622570,180845.148249,3556.673691
49.4000,15704.633502,99568.997601,181104.283232,3561.653518
49.4500,15637.356151,99372.478578,181362.907128,3566.622840
49.5000,15570.491251,99176.068129,181621.020215,3571.581663
49.5500,15504.035909,98979.768857,181878.622779,3576.529993
49.6000,15437.987253,98783.583333,182135.715112,3581.467837
49.6500,15372.342433,98587.514104,182392.297513,3586.395200
49.7000,15307.098620,98391.563687,182648.370288,3591.312091
49.7500,15242.253005,98195.734571,182903.933749,3596.218516
49.8000,15177.802802,98000.029219,183158.988215,3601.114481
49.8500,15113.745243,97804.450067,183413.534010,3605.999994
49.9000,15050.077581,97608.999523,183667.571467,3610.875062
49.9500,14986.797090,97413.679970,183921.100921,3615.739693
50.0000,14923.901065,97218.493763,184174.122718,3620.593893
50.0500,14861.386818,97023.443232,184426.637207,3625.437671
50.1000,14799.251683,96828.530680,184678.644743,3630.271034
50.1500,14737.493014,96633.758384,184930.145688,3635.093990
50.2000,14676.108185,96439.128597,185181.140410,3639.906547
50.2500,14615.094586,96244.643546,185431.629282,3644.708713
50.3000,14554.449631,96050.305432,185681.612683,3649.500496
50.3500,14494.170749,95856.116431,185931.090999,3654.281904
50.4000,14434.255392,95662.078696,186180.064620,3659.052946
50.4500,14374.701027,95468.194353,186428.533941,3663.813631
50.5000,14315.505143,95274.465504,186676.499365,3668.563967
50.5500,14256.665245,95080.894230,186923.961299,3673.303962
50.6000,14198.178859,94887.482585,187170.920154,3678.033626
50.6500,14140.043527,94694.232598,187417.376348,3682.752968
50.7000,14082.256811,94501.146278,187663.330305,3687.461996
50.7500,14024.816290,94308.225609,187908.782452,3692.160719
50.8000,13967.719562,94115.472550,188153.733223,3696.849148
50.8500,13910.964241,93922.889041,188398.183057,3701.527291
50.9000,13854.547962,93730.476995,188642.132395,3706.195157
50.9500,13798.468374,93538.238305,188885.581687,3710.852757
51.0000,13742.723145,93346.174841,189128.531386,3715.500100
51.0500,13687.309961,93154.288450,189370.981950,3720.137196
51.1000,13632.226525,92962.580958,189612.933841,3724.764054
51.1500,13577.470555,92771.054167,189854.387527,3729.380684
51.2000,13523.039788,92579.709861,190095.343481,3733.987097
51.2500,13468.931979,92388.549799,190335.802178,3738.583303
51.3000,13415.144897,92197.575720,190575.764101,3743.169311
51.3500,13361.676328,92006.789343,190815.229735,3747.745133
51.4000,13308.524076,91816.192363,191054.199570,3752.310778
51.4500,13255.685960,91625.786457,191292.674101,3756.866257
51.5000,13203.159816,91435.573281,191530.653826,3761.411581
51.5500,13150.943496,91245.554469,191768.139250,3765.946759
51.6000,13099.034868,91055.731635,192005.130880,3770.471804
51.6500,13047.431814,90866.106375,192241.629226,3774.986725
51.7000,12996.132236,90676.680263,192477.634805,3779.491534
51.7500,12945.134047,90487.454853,192713.148137,3783.986242
51.8000,12894.435178,90298.431681,192948.169746,3788.470859
51.8500,12844.033576,90109.612262,193182.700159,3792.945397
51.9000,12793.927201,89920.998093,193416.739907,3797.409866
51.9500,12744.114030,89732.590652,193650.289528,3801.864279
52.0000,12694.592054,89544.391395,193883.349559,3806.308647
52.0500,12645.359280,89356.401764,194115.920545,3810.742981
52.1000,12596.413729,89168.623179,194348.003031,3815.167292
52.1500,12547.753437,88981.057043,194579.597569,3819.581592
52.2000,12499.376454,88793.704739,194810.704713,3823.985894
52.2500,12451.280846,88606.567633,195041.325021,3828.380207
52.3000,12403.464691,88419.647075,195271.459053,3832.764545
52.3500,12355.926085,88232.944393,195501.107374,3837.138919
52.4000,12308.663134,88046.460901,195730.270553,3841.503342
52.4500,12261.673962,87860.197893,195958.949162,3845.857824
52.5000,12214.956702,87674.156647,196187.143775,3850.202378
52.5500,12168.509507,87488.338424,196414.854970,3854.537017
52.6000,12122.330539,87302.744466,196642.083329,3858.861752
52.6500,12076.417975,87117.376000,196868.829436,3863.176596
52.7000,12030.770006,86932.234236,197095.093881,3867.481561
52.7500,11985.384837,86747.320366,197320.877252,3871.776660
52.8000,11940.260685,86562.635567,197546.180145,3876.061904
52.8500,11895.395781,86378.181000,197771.003156,3880.337307
52.9000,11850.788368,86193.957807,197995.346887,3884.602881
52.9500,11806.436705,86009.967117,198219.211939,3888.858638
53.0000,11762.339061,85826.210043,198442.598918,3893.104592
53.0500,11718.493718,85642.687679,198665.508434,3897.340755
53.1000,11674.898973,85459.401106,198887.941098,3901.567139
53.1500,11631.553134,85276.351391,199109.897525,3905.783758
53.2000,11588.454520,85093.539581,199331.378332,3909.990624
53.2500,11545.601467,84910.966713,199552.384138,3914.187751
53.3000,11502.992318,84728.633804,199772.915567,3918.375152
53.3500,11460.625433,84546.541860,199992.973243,3922.552839
53.4000,11418.499180,84364.691870,200212.557794,3926.720826
53.4500,11376.611943,84183.084809,200431.669851,3930.879125
53.5000,11334.962116,84001.721637,200650.310046,3935.027751
53.5500,11293.548104,83820.603300,200868.479016,3939.166715
53.6000,11252.368325,83639.730730,201086.177397,3943.296033
53.6500,11211.421209,83459.104845,201303.405829,3947.415716
53.7000,11170.705198,83278.726547,201520.164956,3951.525779
53.7500,11130.218743,83098.596726,201736.455423,3955.626234
53.8000,11089.960309,82918.716258,201952.277875,3959.717096
53.8500,11049.928372,82739.086005,202167.632964,3963.798377
53.9000,11010.121418,82559.706815,202382.521340,3967.870092
53.9500,10970.537945,82380.579524,202596.943658,3971.932254
54.0000,10931.176464,82201.704952,202810.900573,3975.984877
54.0500,10892.035493,82023.083909,203024.392743,3980.027974
54.1000,10853.113564,81844.717190,203237.420830,3984.061559
54.1500,10814.409218,81666.605578,203449.985494,3988.085646
54.2000,10775.921009,81488.749842,203662.087400,3992.100249
54.2500,10737.647501,81311.150740,203873.727215,3996.105381
54.3000,10699.587265,81133.809015,204084.905607,4000.101057
54.3500,10661.738889,80956.725400,204295.623246,4004.087291
54.4000,10624.100965,80779.900615,204505.880804,4008.064095
54.4500,10586.672101,80603.335366,204715.678954,4012.031486
54.5000,10549.450910,80427.030349,204925.018373,4015.989475
54.5500,10512.436020,80250.986247,205133.899738,4019.938079
54.6000,10475.626066,80075.203731,205342.323728,4023.877310
54.6500,10439.019693,79899.683462,205550.291025,4027.807183
54.7000,10402.615559,79724.426085,205757.802310,4031.727711
54.7500,10366.412328,79549.432238,205964.858269,4035.638911
54.8000,10330.408676,79374.702545,206171.459587,4039.540794
54.8500,10294.603289,79200.237620,206377.606951,4043.433377
54.9000,10258.994862,79026.038065,206583.301052,4047.316672
54.9500,10223.582099,78852.104469,206788.542580,4051.190695
55.0000,10188.363715,78678.437414,206993.332227,4055.055460
55.0500,10153.338432,78505.037468,207197.670686,4058.910981
55.1000,10118.504985,78331.905189,207401.558653,4062.757273
55.1500,10083.862114,78159.041124,207604.996825,4066.594350
55.2000,10049.408572,77986.445809,207807.985900,4070.422227
55.2500,10015.143120,77814.119772,208010.526577,4074.240917
55.3000,9981.064526,77642.063526,208212.619557,4078.050436
55.3500,9947.171570,77470.277578,208414.265542,4081.850799
55.4000,9913.463039,77298.762421,208615.465235,4085.642019
55.4500,9879.937730,77127.518542,208816.219341,4089.424112
55.5000,9846.594448,76956.546414,209016.528567,4093.197092
55.5500,9813.432006,76785.846503,209216.393619,4096.960973
55.6000,9780.449229,76615.419262,209415.815205,4100.715771
55.6500,9747.644947,76445.265137,209614.794035,4104.461500
55.7000,9715.017999,76275.384564,209813.330821,4108.198175
55.7500,9682.567235,76105.777967,210011.426273,4111.925810
55.8000,9650.291510,75936.445764,210209.081104,4115.644421
55.8500,9618.189691,75767.388360,210406.296029,4119.354022
55.9000,9586.260649,75598.606154,210603.071762,4123.054628
55.9500,9554.503267,75430.099533,210799.409020,4126.746254
56.0000,9522.916435,75261.868876,210995.308519,4130.428914
56.0500,9491.499050,75093.914553,211190.770977,4134.102624
56.1000,9460.250018,74926.236926,211385.797114,4137.767399
56.1500,9429.168252,74758.836346,211580.387649,4141.423252
56.2000,9398.252674,74591.713156,211774.543304,4145.070200
56.2500,9367.502214,74424.867691,211968.264798,4148.708258
56.3000,9336.915809,74258.300277,212161.552857,4152.337439
56.3500,9306.492403,74092.011231,212354.408201,4155.957759
56.4000,9276.230950,73926.000862,212546.831556,4159.569234
56.4500,9246.130410,73760.269470,212738.823647,4163.171878
56.5000,9216.189749,73594.817347,212930.385200,4166.765705
56.5500,9186.407944,73429.644777,213121.516940,4170.350732
56.6000,9156.783977,73264.752036,213312.219595,4173.926973
56.6500,9127.316837,73100.139392,213502.493893,4177.494444
56.7000,9098.005523,72935.807103,213692.340563,4181.053159
56.7500,9068.849038,72771.755422,213881.760333,4184.603133
56.8000,9039.846395,72607.984592,214070.753935,4188.144381
56.8500,9010.996611,72444.494850,214259.322097,4191.676920
56.9000,8982.298714,72281.286423,214447.465552,4195.200763
56.9500,8953.751736,72118.359533,214635.185030,4198.715926
57.0000,8925.354716,71955.714393,214822.481265,4202.222424
57.0500,8897.106703,71793.351208,215009.354989,4205.720272
57.1000,8869.006748,71631.270177,215195.806936,4209.209485
57.1500,8841.053913,71469.471491,215381.837839,4212.690079
57.2000,8813.247266,71307.955333,215567.448433,4216.162069
57.2500,8785.585879,71146.721880,215752.639452,4219.625469
57.3000,8758.068834,70985.771302,215937.411632,4223.080295
57.3500,8730.695218,70825.103760,216121.765708,4226.526563
57.4000,8703.464124,70664.719411,216305.702417,4229.964287
57.4500,8676.374653,70504.618403,216489.222494,4233.393483
57.5000,8649.425911,70344.800877,216672.326678,4236.814166
57.5500,8622.617012,70185.266969,216855.015705,4240.226351
57.6000,8595.947075,70026.016807,217037.290312,4243.630053
57.6500,8569.415225,69867.050512,217219.151238,4247.025288
57.7000,8543.020596,69708.368199,217400.599221,4250.412070
57.7500,8516.762324,69549.969977,217581.634999,4253.790416
57.8000,8490.639554,69391.855948,217762.259311,4257.160340
57.8500,8464.651438,69234.026208,217942.472896,4260.521858
57.9000,8438.797130,69076.480846,218122.276494,4263.874984
57.9500,8413.075794,68919.219946,218301.670843,4267.219735
58.0000,8387.486598,68762.243584,218480.656684,4270.556125
58.0500,8362.028717,68605.551831,218659.234757,4273.884170
58.1000,8336.701331,68449.144752,218837.405800,4277.203885
58.1500,8311.503626,68293.022406,219015.170556,4280.515285
58.2000,8286.434795,68137.184846,219192.529764,4283.818386
58.2500,8261.494033,67981.632119,219369.484164,4287.113202
58.3000,8236.680546,67826.364266,219546.034498,4290.399750
58.3500,8211.993542,67671.381323,219722.181505,4293.678043
58.4000,8187.432235,67516.683319,219897.925927,4296.948099
58.4500,8162.995846,67362.270279,220073.268505,4300.209932
58.5000,8138.683600,67208.142220,220248.209980,4303.463556
58.5500,8114.494729,67054.299157,220422.751092,4306.708989
58.6000,8090.428470,66900.741096,220596.892583,4309.946244
58.6500,8066.484063,66747.468040,220770.635193,4313.175337
58.7000,8042.660757,66594.479986,220943.979663,4316.396283
58.7500,8018.957805,66441.776925,221116.926736,4319.609099
58.8000,7995.374464,66289.358843,221289.477150,4322.813798
58.8500,7971.909997,66137.225722,221461.631649,4326.010396
58.9000,7948.563672,65985.377537,221633.390971,4329.198909
58.9500,7925.334765,65833.814260,221804.755859,4332.379352
59.0000,7902.222552,65682.535855,221975.727052,4335.551740
59.0500,7879.226317,65531.542285,222146.305292,4338.716088
59.1000,7856.345351,65380.833504,222316.491319,4341.872412
59.1500,7833.578945,65230.409465,222486.285873,4345.020726
59.2000,7810.926399,65080.270112,222655.689695,4348.161047
59.2500,7788.387016,64930.415389,222824.703524,4351.293389
59.3000,7765.960106,64780.845231,222993.328101,4354.417768
59.3500,7743.644980,64631.559570,223161.564166,4357.534198
59.4000,7721.440959,64482.558335,223329.412458,4360.642696
59.4500,7699.347363,64333.841447,223496.873716,4363.743276
59.5000,7677.363521,64185.408826,223663.948680,4366.835954
59.5500,7655.488766,64037.260384,223830.638088,4369.920745
59.6000,7633.722434,63889.396033,223996.942680,4372.997663
59.6500,7612.063867,63741.815676,224162.863193,4376.066725
59.7000,7590.512411,63594.519215,224328.400367,4379.127946
59.7500,7569.067417,63447.506545,224493.554939,4382.181340
59.8000,7547.728240,63300.777560,224658.327647,4385.226923
59.8500,7526.494240,63154.332147,224822.719228,4388.264710
59.9000,7505.364781,63008.170190,224986.730420,4391.294716
59.9500,7484.339233,62862.291569,225150.361959,4394.316957
60.0000,7463.416967,62716.696160,225313.614582,4397.331447
60.0500,7442.597362,62571.383834,225476.489024,4400.338203
60.1000,7421.879798,62426.354459,225638.986023,4403.337238
60.1500,7401.263663,62281.607898,225801.106313,4406.328568
60.2000,7380.748346,62137.144013,225962.850629,4409.312209
60.2500,7360.333241,61992.962659,226124.219706,4412.288174
60.3000,7340.017748,61849.063687,226285.214279,4415.256481
60.3500,7319.801269,61705.446947,226445.835082,4418.217143
60.4000,7299.683211,61562.112284,226606.082848,4421.170176
60.4500,7279.662985,61419.059539,226765.958310,4424.115594
60.5000,7259.740006,61276.288548,226925.462202,4427.053414
60.5500,7239.913694,61133.799147,227084.595255,4429.983649
60.6000,7220.183470,60991.591164,227243.358201,4432.906316
60.6500,7200.548764,60849.664428,227401.751773,4435.821428
60.7000,7181.009004,60708.018762,227559.776700,4438.729002
60.7500,7161.563627,60566.653985,227717.433714,4441.629052
60.8000,7142.212072,60425.569914,227874.723544,4444.521593
60.8500,7122.953780,60284.766362,228031.646920,4447.406641
60.9000,7103.788198,60144.243139,228188.204572,4450.284210
60.9500,7084.714777,60004.000051,228344.397227,4453.154315
61.0000,7065.732971,59864.036902,228500.225615,4456.016971
61.0500,7046.842236,59724.353493,228655.690462,4458.872194
61.1000,7028.042036,59584.949619,228810.792495,4461.719998
61.1500,7009.331835,59445.825074,228965.532442,4464.560397
61.2000,6990.711101,59306.979651,229119.911028,4467.393408
61.2500,6972.179308,59168.413135,229273.928978,4470.219045
61.3000,6953.735931,59030.125311,229427.587017,4473.037323
61.3500,6935.380450,58892.115962,229580.885871,4475.848257
61.4000,6917.112348,58754.384865,229733.826261,4478.651862
61.4500,6898.931111,58616.931798,229886.408913,4481.448152
61.5000,6880.836230,58479.756531,230038.634548,4484.237142
61.5500,6862.827199,58342.858836,230190.503887,4487.018848
61.6000,6844.903514,58206.238479,230342.017654,4489.793285
61.6500,6827.064676,58069.895225,230493.176568,4492.560466
61.7000,6809.310188,57933.828836,230643.981349,4495.320407
61.7500,6791.639558,57798.039070,230794.432717,4498.073122
61.8000,6774.052297,57662.525683,230944.531392,4500.818627
61.8500,6756.547918,57527.288430,231094.278090,4503.556937
61.9000,6739.125938,57392.327060,231243.673531,4506.288065
61.9500,6721.785879,57257.641323,231392.718430,4509.012027
62.0000,6704.527262,57123.230964,231541.413504,4511.728837
62.0500,6687.349616,56989.095726,231689.759469,4514.438511
62.1000,6670.252470,56855.235349,231837.757040,4517.141062
62.1500,6653.235357,56721.649573,231985.406931,4519.836506
62.2000,6636.297814,56588.338133,232132.709856,4522.524857
62.2500,6619.439380,56455.300763,232279.666527,4525.206130
62.3000,6602.659598,56322.537192,232426.277657,4527.880340
62.3500,6585.958013,56190.047151,232572.543957,4530.547500
62.4000,6569.334174,56057.830364,232718.466139,4533.207627
62.4500,6552.787633,55925.886557,232864.044912,4535.860734
62.5000,6536.317943,55794.215451,233009.280985,4538.506836
62.5500,6519.924664,55662.816766,233154.175068,4541.145947
62.6000,6503.607356,55531.690218,233298.727868,4543.778083
62.6500,6487.365581,55400.835524,233442.940093,4546.403257
62.7000,6471.198907,55270.252395,233586.812449,4549.021485
62.7500,6455.106903,55139.940543,233730.345641,4551.632780
62.8000,6439.089141,55009.899677,233873.540374,4554.237157
62.8500,6423.145196,54880.129503,234016.397354,4556.834631
62.9000,6407.274647,54750.629726,234158.917282,4559.425217
62.9500,6391.477073,54621.400048,234301.100862,4562.008927
63.0000,6375.752058,54492.440170,234442.948796,4564.585778
63.0500,6360.099189,54363.749791,234584.461785,4567.155783
63.1000,6344.518055,54235.328607,234725.640528,4569.718957
63.1500,6329.008246,54107.176313,234866.485726,4572.275314
63.2000,6313.569359,53979.292602,235006.998078,4574.824869
63.2500,6298.200989,53851.677165,235147.178280,4577.367635
63.3000,6282.902737,53724.329691,235287.027031,4579.903628
63.3500,6267.674205,53597.249868,235426.545027,4582.432861
63.4000,6252.514998,53470.437381,235565.732962,4584.955349
63.4500,6237.424723,53343.891914,235704.591533,4587.471107
63.5000,6222.402992,53217.613148,235843.121431,4589.980147
63.5500,6207.449416,53091.600765,235981.323352,4592.482485
63.6000,6192.563612,52965.854443,236119.197986,4594.978135
63.6500,6177.745196,52840.373858,236256.746025,4597.467111
63.7000,6162.993790,52715.158687,236393.968160,4599.949428
63.7500,6148.309016,52590.208602,236530.865080,4602.425098
63.8000,6133.690500,52465.523276,236667.437474,4604.894138
63.8500,6119.137869,52341.102380,236803.686030,4607.356560
63.9000,6104.650755,52216.945581,236939.611436,4609.812378
63.9500,6090.228788,52093.052548,237075.214376,4612.261608
64.0000,6075.871605,51969.422947,237210.495537,4614.704263
64.0500,6061.578843,51846.056441,237345.455603,4617.140356
64.1000,6047.350142,51722.952694,237480.095258,4619.569903
64.1500,6033.185144,51600.111367,237614.415185,4621.992917
64.2000,6019.083494,51477.532120,237748.416065,4624.409412
64.2500,6005.044838,51355.214612,237882.098579,4626.819403
64.3000,5991.068825,51233.158500,238015.463407,4629.222902
64.3500,5977.155108,51111.363439,238148.511229,4631.619924
64.4000,5963.303339,50989.829084,238281.242723,4634.010484
64.4500,5949.513174,50868.555088,238413.658566,4636.394594
64.5000,5935.784273,50747.541104,238545.759435,4638.772269
64.5500,5922.116294,50626.786781,238677.546005,4641.143523
64.6000,5908.508901,50506.291769,238809.018951,4643.508369
64.6500,5894.961759,50386.055716,238940.178946,4645.866822
64.7000,5881.474534,50266.078268,239071.026665,4648.218895
64.7500,5868.046896,50146.359072,239201.562777,4650.564602
64.8000,5854.678515,50026.897771,239331.787955,4652.903956
64.8500,5841.369065,49907.694008,239461.702869,4655.236972
64.9000,5828.118222,49788.747427,239591.308187,4657.563664
64.9500,5814.925664,49670.057667,239720.604578,4659.884045
65.0000,5801.791068,49551.624368,239849.592709,4662.198128
65.0500,5788.714119,49433.447170,239978.273247,4664.505927
65.1000,5775.694498,49315.525709,240106.646856,4666.807457
65.1500,5762.731892,49197.859622,240234.714202,4669.102731
65.2000,5749.825989,49080.448545,240362.475947,4671.391761
65.2500,5736.976478,48963.292112,240489.932755,4673.674563
65.3000,5724.183052,48846.389956,240617.085286,4675.951149
65.3500,5711.445403,48729.741710,240743.934203,4678.221534
65.4000,5698.763229,48613.347005,240870.480163,4680.485730
65.4500,5686.136225,48497.205472,240996.723826,4682.743751
65.5000,5673.564092,48381.316740,241122.665851,4684.995611
65.5500,5661.046532,48265.680438,241248.306892,4687.241323
65.6000,5648.583248,48150.296193,241373.647607,4689.480901
65.6500,5636.173944,48035.163632,241498.688651,4691.714357
65.7000,5623.818329,47920.282381,241623.430676,4693.941707
65.7500,5611.516111,47805.652066,241747.874336,4696.162962
65.8000,5599.267001,47691.272309,241872.020284,4698.378136
65.8500,5587.070712,47577.142735,241995.869169,4700.587244
65.9000,5574.926959,47463.262966,242119.421643,4702.790297
65.9500,5562.835457,47349.632623,242242.678353,4704.987309
66.0000,5550.795924,47236.251328,242365.639948,4707.178294
66.0500,5538.808082,47123.118701,242488.307075,4709.363265
66.1000,5526.871651,47010.234361,242610.680381,4711.542236
66.1500,5514.986355,46897.597926,242732.760509,4713.715218
66.2000,5503.151919,46785.209014,242854.548104,4715.882227
66.2500,5491.368070,46673.067244,242976.043810,4718.043274
66.3000,5479.634537,46561.172230,243097.248268,4720.198373
66.3500,5467.951050,46449.523589,243218.162119,4722.347538
66.4000,5456.317341,46338.120935,243338.786004,4724.490780
66.4500,5444.733144,46226.963884,243459.120561,4726.628115
66.5000,5433.198194,46116.052049,243579.166428,4728.759553
66.5500,5421.712228,46005.385043,243698.924244,4730.885110
66.6000,5410.274985,45894.962479,243818.394642,4733.004797
66.6500,5398.886206,45784.783968,243937.578260,4735.118628
66.7000,5387.545633,45674.849122,244056.475730,4737.226615
66.7500,5376.253008,45565.157552,244175.087686,4739.328773
66.8000,5365.008077,45455.708867,244293.414760,4741.425112
66.8500,5353.810588,45346.502678,244411.457583,4743.515648
66.9000,5342.660288,45237.538593,244529.216784,4745.600392
66.9500,5331.556927,45128.816220,244646.692993,4747.679358
67.0000,5320.500257,45020.335169,244763.886837,4749.752558
67.0500,5309.490032,44912.095045,244880.798944,4751.820005
67.1000,5298.526004,44804.095457,244997.429940,4753.881713
67.1500,5287.607931,44696.336011,245113.780449,4755.937693
67.2000,5276.735571,44588.816312,245229.851095,4757.987959
67.2500,5265.908681,44481.535967,245345.642501,4760.032524
67.3000,5255.127024,44374.494581,245461.155289,4762.071399
67.3500,5244.390361,44267.691758,245576.390080,4764.104599
67.4000,5233.698456,44161.127102,245691.347493,4766.132136
67.4500,5223.051073,44054.800217,245806.028147,4768.154021
67.5000,5212.447979,43948.710708,245920.432660,4770.170269
67.5500,5201.888943,43842.858176,246034.561648,4772.180892
67.6000,5191.373733,43737.242225,246148.415727,4774.185902
67.6500,5180.902121,43631.862457,246261.995512,4776.185312
67.7000,5170.473878,43526.718474,246375.301616,4778.179135
67.7500,5160.088778,43421.809877,246488.334652,4780.167383
67.8000,5149.746596,43317.136268,246601.095231,4782.150068
67.8500,5139.447109,43212.697248,246713.583964,4784.127204
67.9000,5129.190094,43108.492417,246825.801460,4786.098803
67.9500,5118.975330,43004.521376,246937.748327,4788.064876
68.0000,5108.802598,42900.783725,247049.425173,4790.025438
68.0500,5098.671680,42797.279063,247160.832605,4791.980499
68.1000,5088.582359,42694.006991,247271.971226,4793.930073
68.1500,5078.534419,42590.967106,247382.841642,4795.874172
68.2000,5068.527646,42488.159009,247493.444456,4797.812808
68.2500,5058.561827,42385.582298,247603.780269,4799.745994
68.3000,5048.636750,42283.236572,247713.849684,4801.673742
68.3500,5038.752206,42181.121428,247823.653299,4803.596064
68.4000,5028.907985,42079.236466,247933.191715,4805.512972
68.4500,5019.103880,41977.581282,248042.465528,4807.424480
68.5000,5009.339683,41876.155474,248151.475336,4809.330598
68.5500,4999.615190,41774.958640,248260.221735,4811.231340
68.6000,4989.930196,41673.990378,248368.705319,4813.126718
68.6500,4980.284500,41573.250283,248476.926683,4815.016743
68.7000,4970.677899,41472.737954,248584.886418,4816.901428
68.7500,4961.110193,41372.452988,248692.585117,4818.780785
68.8000,4951.581183,41272.394979,248800.023371,4820.654826
68.8500,4942.090671,41172.563527,248907.201768,4822.523564
68.9000,4932.638460,41072.958226,249014.120897,4824.387009
68.9500,4923.224355,40973.578672,249120.781346,4826.245175
69.0000,4913.848161,40874.424464,249227.183701,4828.098073
69.0500,4904.509686,40775.495195,249333.328548,4829.945716
69.1000,4895.208737,40676.790463,249439.216471,4831.788115
69.1500,4885.945123,40578.309863,249544.848053,4833.625282
69.2000,4876.718655,40480.052991,249650.223876,4835.457230
69.2500,4867.529144,40382.019443,249755.344522,4837.283970
69.3000,4858.376403,40284.208815,249860.210570,4839.105514
69.3500,4849.260245,40186.620702,249964.822601,4840.921873
69.4000,4840.180485,40089.254700,250069.181190,4842.733061
69.4500,4831.136940,39992.110405,250173.286917,4844.539088
69.5000,4822.129425,39895.187411,250277.140356,4846.339967
69.5500,4813.157760,39798.485316,250380.742083,4848.135709
69.6000,4804.221763,39702.003713,250484.092671,4849.926326
69.6500,4795.321254,39605.742199,250587.192693,4851.711830
69.7000,4786.456055,39509.700369,250690.042721,4853.492232
69.7500,4777.625989,39413.877819,250792.643325,4855.267544
69.8000,4768.830878,39318.274145,250894.995075,4857.037778
69.8500,4760.070548,39222.888941,250997.098540,4858.802946
69.9000,4751.344823,39127.721804,251098.954287,4860.563059
69.9500,4742.653531,39032.772329,251200.562882,4862.318129
70.0000,4733.996499,38938.040112,251301.924891,4864.068167
70.0500,4725.373555,38843.524749,251403.040879,4865.813185
70.1000,4716.784530,38749.225834,251503.911407,4867.553195
70.1500,4708.229253,38655.142966,251604.537040,4869.288208
70.2000,4699.707557,38561.275738,251704.918338,4871.018235
70.2500,4691.219274,38467.623748,251805.055861,4872.743288
70.3000,4682.764238,38374.186591,251904.950167,4874.463379
70.3500,4674.342283,38280.963864,252004.601817,4876.178518
70.4000,4665.953246,38187.955162,252104.011365,4877.888718
70.4500,4657.596961,38095.160083,252203.179369,4879.593990
70.5000,4649.273268,38002.578222,252302.106382,4881.294345
70.5500,4640.982004,37910.209177,252400.792960,4882.989795
70.6000,4632.723009,37818.052544,252499.239654,4884.680350
70.6500,4624.496123,37726.107920,252597.447017,4886.366022
70.7000,4616.301188,37634.374901,252695.415599,4888.046823
70.7500,4608.138045,37542.853086,252793.145949,4889.722764
70.8000,4600.006539,37451.542072,252890.638617,4891.393855
70.8500,4591.906512,37360.441455,252987.894150,4893.060109
70.9000,4583.837810,37269.550834,253084.913095,4894.721536
70.9500,4575.800278,37178.869805,253181.695996,4896.378148
71.0000,4567.793764,37088.397968,253278.243399,4898.029955
71.0500,4559.818116,36998.134921,253374.555847,4899.676969
71.1000,4551.873181,36908.080260,253470.633881,4901.319202
71.1500,4543.958809,36818.233586,253566.478044,4902.956663
71.2000,4536.074850,36728.594497,253662.088876,4904.589364
71.2500,4528.221156,36639.162590,253757.466915,4906.217317
71.3000,4520.397578,36549.937467,253852.612701,4907.840532
71.3500,4512.603970,36460.918725,253947.526769,4909.459021
71.4000,4504.840186,36372.105965,254042.209657,4911.072793
71.4500,4497.106079,36283.498785,254136.661898,4912.681861
71.5000,4489.401505,36195.096787,254230.884028,4914.286235
71.5500,4481.726320,36106.899569,254324.876579,4915.885926
71.6000,4474.080382,36018.906733,254418.640083,4917.480945
71.6500,4466.463549,35931.117879,254512.175071,4919.071303
71.7000,4458.875679,35843.532608,254605.482072,4920.657011
71.7500,4451.316631,35756.150520,254698.561616,4922.238079
71.8000,4443.786267,35668.971218,254791.414231,4923.814519
71.8500,4436.284446,35581.994303,254884.040442,4925.386341
71.9000,4428.811032,35495.219376,254976.440776,4926.953556
71.9500,4421.365887,35408.646040,255068.615758,4928.516175
72.0000,4413.948874,35322.273898,255160.565910,4930.074208
72.0500,4406.559858,35236.102551,255252.291756,4931.627666
72.1000,4399.198704,35150.131603,255343.793817,4933.176561
72.1500,4391.865277,35064.360657,255435.072614,4934.720901
72.2000,4384.559444,34978.789317,255526.128665,4936.260699
72.2500,4377.281074,34893.417186,255616.962491,4937.795965
72.3000,4370.030033,34808.243868,255707.574607,4939.326710
72.3500,4362.806190,34723.268968,255797.965531,4940.852943
72.4000,4355.609416,34638.492091,255888.135777,4942.374676
72.4500,4348.439581,34553.912841,255978.085861,4943.891919
72.5000,4341.296555,34469.530824,256067.816295,4945.404683
72.5500,4334.180211,34385.345645,256157.327592,4946.912977
72.6000,4327.090422,34301.356911,256246.620263,4948.416814
72.6500,4320.027059,34217.564227,256335.694818,4949.916203
72.7000,4312.989998,34133.967200,256424.551766,4951.411154
72.7500,4305.979114,34050.565438,256513.191616,4952.901678
72.8000,4298.994281,33967.358546,256601.614875,4954.387785
72.8500,4292.035376,33884.346134,256689.822049,4955.869486
72.9000,4285.102275,33801.527809,256777.813643,4957.346791
72.9500,4278.194856,33718.903179,256865.590162,4958.819711
73.0000,4271.312998,33636.471852,256953.152107,4960.288255
73.0500,4264.456579,33554.233439,257040.499983,4961.752435
73.1000,4257.625479,33472.187547,257127.634288,4963.212259
73.1500,4250.819578,33390.333787,257214.555524,4964.667739
73.2000,4244.038757,33308.671769,257301.264190,4966.118885
73.2500,4237.282897,33227.201104,257387.760783,4967.565707
73.3000,4230.551882,33145.921401,257474.045801,4969.008215
73.3500,4223.845593,33064.832273,257560.119740,4970.446419
73.4000,4217.163914,32983.933330,257645.983094,4971.880330
73.4500,4210.506730,32903.224185,257731.636358,4973.309958
73.5000,4203.873926,32822.704450,257817.080024,4974.735312
73.5500,4197.265386,32742.373737,257902.314585,4976.156402
73.6000,4190.680998,32662.231661,257987.340531,4977.573240
73.6500,4184.120647,32582.277833,258072.158352,4978.985834
73.7000,4177.584222,32502.511869,258156.768538,4980.394196
73.7500,4171.071610,32422.933381,258241.171577,4981.798334
73.8000,4164.582701,32343.541986,258325.367954,4983.198259
73.8500,4158.117382,32264.337298,258409.358157,4984.593981
73.9000,4151.675545,32185.318932,258493.142670,4985.985510
73.9500,4145.257080,32106.486505,258576.721976,4987.372855
74.0000,4138.861877,32027.839632,258660.096560,4988.756027
74.0500,4132.489829,31949.377930,258743.266903,4990.135036
74.1000,4126.140828,31871.101017,258826.233486,4991.509890
74.1500,4119.814766,31793.008510,258908.996788,4992.880601
74.2000,4113.511538,31715.100027,258991.557289,4994.247178
74.2500,4107.231037,31637.375186,259073.915467,4995.609631
74.3000,4100.973159,31559.833606,259156.071799,4996.967969
74.3500,4094.737797,31482.474907,259238.026761,4998.322202
74.4000,4088.524849,31405.298707,259319.780827,4999.672341
74.4500,4082.334211,31328.304628,259401.334472,5001.018394
74.5000,4076.165779,31251.492290,259482.688168,5002.360372
74.5500,4070.019450,31174.861313,259563.842389,5003.698283
74.6000,4063.895125,31098.411319,259644.797604,5005.032139
74.6500,4057.792699,31022.141931,259725.554284,5006.361948
74.7000,4051.712074,30946.052769,259806.112898,5007.687720
74.7500,4045.653149,30870.143458,259886.473914,5009.009464
74.8000,4039.615824,30794.413620,259966.637800,5010.327191
74.8500,4033.600000,30718.862879,260046.605020,5011.640909
74.9000,4027.605578,30643.490860,260126.376042,5012.950628
74.9500,4021.632460,30568.297186,260205.951327,5014.256359
75.0000,4015.680549,30493.281483,260285.331341,5015.558109
75.0500,4009.749748,30418.443376,260364.516545,5016.855890
75.1000,4003.839960,30343.782491,260443.507400,5018.149709
75.1500,3997.951090,30269.298455,260522.304367,5019.439577
75.2000,3992.083041,30194.990895,260600.907905,5020.725503
75.2500,3986.235720,30120.859438,260679.318473,5022.007496
75.3000,3980.409031,30046.903712,260757.536527,5023.285567
75.3500,3974.602880,29973.123345,260835.562524,5024.559723
75.4000,3968.817175,29899.517967,260913.396920,5025.829975
75.4500,3963.051823,29826.087205,260991.040169,5027.096331
75.5000,3957.306730,29752.830691,261068.492724,5028.358802
75.5500,3951.581806,29679.748054,261145.755039,5029.617396
75.6000,3945.876958,29606.838926,261222.827564,5030.872122
75.6500,3940.192097,29534.102937,261299.710751,5032.122991
75.7000,3934.527131,29461.539719,261376.405049,5033.370010
75.7500,3928.881970,29389.148904,261452.910907,5034.613190
75.8000,3923.256526,29316.930125,261529.228773,5035.852539
75.8500,3917.650709,29244.883016,261605.359093,5037.088066
75.9000,3912.064431,29173.007210,261681.302313,5038.319782
75.9500,3906.497604,29101.302340,261757.058878,5039.547694
76.0000,3900.950140,29029.768043,261832.629233,5040.771812
76.0500,3895.421952,28958.403952,261908.013820,5041.992145
76.1000,3889.912953,28887.209704,261983.213081,5043.208702
76.1500,3884.423059,28816.184935,262058.227457,5044.421492
76.2000,3878.952182,28745.329282,262133.057389,5045.630524
76.2500,3873.500237,28674.642381,262207.703316,5046.835807
76.3000,3868.067141,28604.123871,262282.165675,5048.037350
76.3500,3862.652808,28533.773389,262356.444905,5049.235163
76.4000,3857.257154,28463.590575,262430.541442,5050.429253
76.4500,3851.880097,28393.575067,262504.455721,5051.619630
76.5000,3846.521553,28323.726506,262578.188177,5052.806303
76.5500,3841.181440,28254.044531,262651.739244,5053.989281
76.6000,3835.859676,28184.528784,262725.109353,5055.168572
76.6500,3830.556178,28115.178906,262798.298937,5056.344185
76.7000,3825.270867,28045.994538,262871.308427,5057.516130
76.7500,3820.003660,27976.975323,262944.138252,5058.684415
76.8000,3814.754478,27908.120904,263016.788841,5059.849049
76.8500,3809.523241,27839.430923,263089.260623,5061.010040
76.9000,3804.309869,27770.905026,263161.554024,5062.167397
76.9500,3799.114283,27702.542856,263233.669471,5063.321130
77.0000,3793.936405,27634.344059,263305.607389,5064.471246
77.0500,3788.776155,27566.308280,263377.368201,5065.617755
77.1000,3783.633457,27498.435164,263448.952333,5066.760664
77.1500,3778.508232,27430.724359,263520.360205,5067.899984
77.2000,3773.400404,27363.175511,263591.592240,5069.035722
77.2500,3768.309897,27295.788268,263662.648858,5070.167887
77.3000,3763.236633,27228.562279,263733.530478,5071.296488
77.3500,3758.180537,27161.497191,263804.237521,5072.421533
77.4000,3753.141534,27094.592655,263874.770403,5073.543030
77.4500,3748.119548,27027.848319,263945.129542,5074.660989
77.5000,3743.114506,26961.263834,264015.315353,5075.775418
77.5500,3738.126332,26894.838852,264085.328252,5076.886325
77.6000,3733.154952,26828.573022,264155.168653,5077.993719
77.6500,3728.200294,26762.465998,264224.836969,5079.097608
77.7000,3723.262284,26696.517431,264294.333613,5080.198001
77.7500,3718.340849,26630.726974,264363.658997,5081.294906
77.8000,3713.435918,26565.094281,264432.813530,5082.388332
77.8500,3708.547417,26499.619007,264501.797623,5083.478287
77.9000,3703.675276,26434.300805,264570.611685,5084.564779
77.9500,3698.819423,26369.139331,264639.256123,5085.647816
78.0000,3693.979788,26304.134240,264707.731345,5086.727408
78.0500,3689.156299,26239.285189,264776.037757,5087.803562
78.1000,3684.348887,26174.591834,264844.175763,5088.876287
78.1500,3679.557482,26110.053833,264912.145769,5089.945590
78.2000,3674.782015,26045.670844,264979.948177,5091.011481
78.2500,3670.022416,25981.442525,265047.583391,5092.073968
78.3000,3665.278617,25917.368535,265115.051812,5093.133058
78.3500,3660.550549,25853.448533,265182.353841,5094.188760
78.4000,3655.838145,25789.682180,265249.489878,5095.241081
78.4500,3651.141337,25726.069136,265316.460321,5096.290032
78.5000,3646.460057,25662.609062,265383.265570,5097.335618
78.5500,3641.794239,25599.301620,265449.906021,5098.377849
78.6000,3637.143815,25536.146473,265516.382070,5099.416733
78.6500,3632.508721,25473.143283,265582.694114,5100.452278
78.7000,3627.888889,25410.291713,265648.842547,5101.484491
78.7500,3623.284254,25347.591428,265714.827762,5102.513382
78.8000,3618.694752,25285.042092,265780.650153,5103.538957
78.8500,3614.120316,25222.643370,265846.310112,5104.561225
78.9000,3609.560883,25160.394927,265911.808029,5105.580195
78.9500,3605.016388,25098.296431,265977.144295,5106.595873
79.0000,3600.486768,25036.347546,266042.319300,5107.608268
79.0500,3595.971958,24974.547942,266107.333432,5108.617388
79.1000,3591.471895,24912.897285,266172.187078,5109.623241
79.1500,3586.986517,24851.395244,266236.880626,5110.625835
79.2000,3582.515760,24790.041488,266301.414462,5111.625178
79.2500,3578.059563,24728.835687,266365.788970,5112.621277
79.3000,3573.617864,24667.777510,266430.004536,5113.614141
79.3500,3569.190600,24606.866628,266494.061541,5114.603776
79.4000,3564.777711,24546.102712,266557.960369,5115.590192
79.4500,3560.379135,24485.485435,266621.701402,5116.573396
79.5000,3555.994811,24425.014468,266685.285021,5117.553396
79.5500,3551.624680,24364.689484,266748.711604,5118.530199
79.6000,3547.268680,24304.510157,266811.981532,5119.503814
79.6500,3542.926753,24244.476161,266875.095183,5120.474248
79.7000,3538.598838,24184.587169,266938.052934,5121.441508
79.7500,3534.284877,24124.842859,267000.855162,5122.405603
79.8000,3529.984810,24065.242904,267063.502242,5123.366540
79.8500,3525.698578,24005.786981,267125.994549,5124.324327
79.9000,3521.426124,23946.474768,267188.332459,5125.278971
79.9500,3517.167389,23887.305941,267250.516342,5126.230481
80.0000,3512.922316,23828.280179,267312.546573,5127.178864
80.0500,3508.690847,23769.397159,267374.423523,5128.124126
80.1000,3504.472925,23710.656562,267436.147562,5129.066277
80.1500,3500.268493,23652.058066,267497.719060,5130.005324
80.2000,3496.077494,23593.601352,267559.138387,5130.941273
80.2500,3491.899872,23535.286100,267620.405910,5131.874133
80.3000,3487.735570,23477.111993,267681.521997,5132.803912
80.3500,3483.584535,23419.078711,267742.487014,5133.730616
80.4000,3479.446708,23361.185937,267803.301328,5134.654253
80.4500,3475.322036,23303.433355,267863.965303,5135.574831
80.5000,3471.210464,23245.820647,267924.479303,5136.492357
80.5500,3467.111936,23188.347499,267984.843691,5137.406839
80.6000,3463.026399,23131.013594,268045.058830,5138.318283
80.6500,3458.953798,23073.818618,268105.125082,5139.226698
80.7000,3454.894080,23016.762257,268165.042807,5140.132091
80.7500,3450.847190,22959.844197,268224.812366,5141.034469
80.8000,3446.813075,22903.064126,268284.434117,5141.933839
80.8500,3442.791683,22846.421730,268343.908419,5142.830210
80.9000,3438.782961,22789.916698,268403.235629,5143.723587
80.9500,3434.786855,22733.548718,268462.416104,5144.613979
81.0000,3430.803315,22677.317481,268521.450201,5145.501393
81.0500,3426.832286,22621.222675,268580.338273,5146.385835
81.1000,3422.873719,22565.263991,268639.080677,5147.267314
81.1500,3418.927561,22509.441120,268697.677764,5148.145837
81.2000,3414.993762,22453.753753,268756.129888,5149.021410
81.2500,3411.072269,22398.201583,268814.437400,5149.894041
81.3000,3407.163033,22342.784301,268872.600653,5150.763737
81.3500,3403.266002,22287.501602,268930.619995,5151.630506
81.4000,3399.381127,22232.353180,268988.495778,5152.494354
81.4500,3395.508358,22177.338727,269046.228348,5153.355289
81.5000,3391.647644,22122.457940,269103.818055,5154.213317
81.5500,3387.798936,22067.710514,269161.265245,5155.068446
81.6000,3383.962186,22013.096144,269218.570265,5155.920684
81.6500,3380.137343,21958.614528,269275.733460,5156.770036
81.7000,3376.324359,21904.265362,269332.755175,5157.616510
81.7500,3372.523186,21850.048345,269389.635754,5158.460113
81.8000,3368.733775,21795.963174,269446.375541,5159.300853
81.8500,3364.956078,21742.009548,269502.974877,5160.138736
81.9000,3361.190046,21688.187167,269559.434104,5160.973768
81.9500,3357.435634,21634.495731,269615.753564,5161.805958
82.0000,3353.692793,21580.934940,269671.933595,5162.635312
82.0500,3349.961475,21527.504496,269727.974538,5163.461837
82.1000,3346.241635,21474.204099,269783.876731,5164.285541
82.1500,3342.533224,21421.033453,269839.640512,5165.106428
82.2000,3338.836198,21367.992260,269895.266218,5165.924508
82.2500,3335.150509,21315.080224,269950.754184,5166.739787
82.3000,3331.476111,21262.297048,270006.104746,5167.552270
82.3500,3327.812959,21209.642436,270061.318240,5168.361967
82.4000,3324.161007,21157.116095,270116.394998,5169.168882
82.4500,3320.520210,21104.717729,270171.335354,5169.973024
82.5000,3316.890522,21052.447044,270226.139641,5170.774398
82.5500,3313.271899,21000.303748,270280.808190,5171.573012
82.6000,3309.664295,20948.287547,270335.341331,5172.368873
82.6500,3306.067667,20896.398151,270389.739395,5173.161986
82.7000,3302.481970,20844.635265,270444.002711,5173.952360
82.7500,3298.907159,20792.998601,270498.131607,5174.740000
82.8000,3295.343192,20741.487867,270552.126413,5175.524914
82.8500,3291.790024,20690.102774,270605.987453,5176.307107
82.9000,3288.247612,20638.843032,270659.715056,5177.086588
82.9500,3284.715912,20587.708352,270713.309545,5177.863361
83.0000,3281.194882,20536.698446,270766.771247,5178.637435
83.0500,3277.684479,20485.813026,270820.100485,5179.408816
83.1000,3274.184660,20435.051806,270873.297583,5180.177509
83.1500,3270.695382,20384.414499,270926.362862,5180.943523
83.2000,3267.216604,20333.900818,270979.296645,5181.706863
83.2500,3263.748283,20283.510479,271032.099253,5182.467536
83.3000,3260.290378,20233.243195,271084.771006,5183.225549
83.3500,3256.842847,20183.098684,271137.312224,5183.980908
83.4000,3253.405648,20133.076661,271189.723226,5184.733620
83.4500,3249.978741,20083.176844,271242.004329,5185.483690
83.5000,3246.562084,20033.398948,271294.155851,5186.231127
83.5500,3243.155636,19983.742693,271346.178109,5186.975936
83.6000,3239.759357,19934.207796,271398.071418,5187.718123
83.6500,3236.373207,19884.793977,271449.836094,5188.457696
83.7000,3232.997144,19835.500956,271501.472451,5189.194660
83.7500,3229.631129,19786.328451,271552.980804,5189.929022
83.8000,3226.275122,19737.276185,271604.361464,5190.660788
83.8500,3222.929084,19688.343877,271655.614744,5191.389965
83.9000,3219.592974,19639.531251,271706.740955,5192.116559
83.9500,3216.266754,19590.838028,271757.740410,5192.840577
84.0000,3212.950385,19542.263931,271808.613416,5193.562025
84.0500,3209.643826,19493.808683,271859.360285,5194.280909
84.1000,3206.347041,19445.472009,271909.981324,5194.997235
84.1500,3203.059989,19397.253632,271960.476842,5195.711010
84.2000,3199.782633,19349.153279,272010.847145,5196.422241
84.2500,3196.514934,19301.170674,272061.092541,5197.130932
84.3000,3193.256854,19253.305544,272111.213335,5197.837091
84.3500,3190.008356,19205.557615,272161.209832,5198.540725
84.4000,3186.769402,19157.926615,272211.082336,5199.241838
84.4500,3183.539954,19110.412272,272260.831151,5199.940437
84.5000,3180.319975,19063.014313,272310.456580,5200.636530
84.5500,3177.109427,19015.732468,272359.958926,5201.330120
84.6000,3173.908274,18968.566466,272409.338490,5202.021216
84.6500,3170.716479,18921.516037,272458.595572,5202.709823
84.7000,3167.534005,18874.580912,272507.730473,5203.395947
84.7500,3164.360816,18827.760822,272556.743492,5204.079594
84.8000,3161.196876,18781.055497,272605.634929,5204.760771
84.8500,3158.042147,18734.464671,272654.405080,5205.439483
84.9000,3154.896595,18687.988076,272703.054244,5206.115737
84.9500,3151.760183,18641.625446,272751.582717,5206.789539
85.0000,3148.632876,18595.376513,272799.990795,5207.460894
85.0500,3145.514638,18549.241013,272848.278773,5208.129810
85.1000,3142.405434,18503.218681,272896.446946,5208.796291
85.1500,3139.305229,18457.309251,272944.495608,5209.460344
85.2000,3136.213988,18411.512459,272992.425052,5210.121974
85.2500,3133.131676,18365.828042,273040.235570,5210.781189
85.3000,3130.058258,18320.255738,273087.927455,5211.437993
85.3500,3126.993700,18274.795283,273135.500997,5212.092394
85.4000,3123.937968,18229.446416,273182.956487,5212.744396
85.4500,3120.891026,18184.208875,273230.294215,5213.394005
85.5000,3117.852842,18139.082399,273277.514470,5214.041228
85.5500,3114.823381,18094.066728,273324.617539,5214.686071
85.6000,3111.802610,18049.161603,273371.603712,5215.328539
85.6500,3108.790495,18004.366764,273418.473275,5215.968638
85.7000,3105.787003,17959.681952,273465.226515,5216.606375
85.7500,3102.792100,17915.106910,273511.863717,5217.241754
85.8000,3099.805753,17870.641378,273558.385166,5217.874782
85.8500,3096.827929,17826.285102,273604.791146,5218.505465
85.9000,3093.858596,17782.037823,273651.081943,5219.133808
85.9500,3090.897720,17737.899286,273697.257837,5219.759818
86.0000,3087.945270,17693.869235,273743.319113,5220.383499
86.0500,3085.001213,17649.947415,273789.266051,5221.004858
86.1000,3082.065517,17606.133572,273835.098933,5221.623901
86.1500,3079.138149,17562.427451,273880.818039,5222.240633
86.2000,3076.219078,17518.828800,273926.423649,5222.855060
86.2500,3073.308271,17475.337366,273971.916042,5223.467187
86.3000,3070.405698,17431.952896,274017.295496,5224.077022
86.3500,3067.511327,17388.675138,274062.562289,5224.684568
86.4000,3064.625127,17345.503840,274107.716699,5225.289832
86.4500,3061.747065,17302.438754,274152.759001,5225.892819
86.5000,3058.877112,17259.479626,274197.689472,5226.493535
86.5500,3056.015236,17216.626209,274242.508387,5227.091986
86.6000,3053.161406,17173.878253,274287.216020,5227.688178
86.6500,3050.315592,17131.235510,274331.812645,5228.282115
86.7000,3047.477764,17088.697730,274376.298536,5228.873804
86.7500,3044.647890,17046.264666,274420.673964,5229.463250
86.8000,3041.825942,17003.936072,274464.939202,5230.050459
86.8500,3039.011887,16961.711700,274509.094522,5230.635435
86.9000,3036.205698,16919.591305,274553.140193,5231.218186
86.9500,3033.407343,16877.574641,274597.076487,5231.798716
87.0000,3030.616793,16835.661462,274640.903671,5232.377031
87.0500,3027.834019,16793.851525,274684.622016,5232.953136
87.1000,3025.058991,16752.144585,274728.231788,5233.527036
87.1500,3022.291680,16710.540398,274771.733257,5234.098738
87.2000,3019.532056,16669.038723,274815.126687,5234.668247
87.2500,3016.780091,16627.639315,274858.412347,5235.235568
87.3000,3014.035756,16586.341934,274901.590500,5235.800706
87.3500,3011.299022,16545.146337,274944.661413,5236.363668
87.4000,3008.569860,16504.052284,274987.625349,5236.924458
87.4500,3005.848242,16463.059534,275030.482573,5237.483082
87.5000,3003.134139,16422.167848,275073.233346,5238.039545
87.5500,3000.427523,16381.376985,275115.877933,5238.593853
87.6000,2997.728367,16340.686708,275158.416594,5239.146010
87.6500,2995.036641,16300.096777,275200.849591,5239.696023
87.7000,2992.352318,16259.606954,275243.177184,5240.243897
87.7500,2989.675371,16219.217003,275285.399633,5240.789636
87.8000,2987.005771,16178.926686,275327.517199,5241.333247
87.8500,2984.343492,16138.735767,275369.530138,5241.874734
87.9000,2981.688505,16098.644010,275411.438710,5242.414104
87.9500,2979.040784,16058.651180,275453.243173,5242.951360
88.0000,2976.400301,16018.757041,275494.943782,5243.486509
88.0500,2973.767029,15978.961360,275536.540795,5244.019555
88.1000,2971.140942,15939.263902,275578.034466,5244.550504
88.1500,2968.522012,15899.664435,275619.425052,5245.079361
88.2000,2965.910213,15860.162724,275660.712806,5245.606132
88.2500,2963.305519,15820.758539,275701.897983,5246.130821
88.3000,2960.707902,15781.451646,275742.980835,5246.653434
88.3500,2958.117337,15742.241815,275783.961615,5247.173975
88.4000,2955.533797,15703.128815,275824.840576,5247.692451
88.4500,2952.957256,15664.112415,275865.617969,5248.208865
88.5000,2950.387689,15625.192386,275906.294044,5248.723224
88.5500,2947.825069,15586.368497,275946.869053,5249.235533
88.6000,2945.269371,15547.640521,275987.343244,5249.745795
88.6500,2942.720569,15509.008228,276027.716866,5250.254018
88.7000,2940.178637,15470.471391,276067.990169,5250.760205
88.7500,2937.643550,15432.029782,276108.163400,5251.264362
88.8000,2935.115283,15393.683175,276148.236806,5251.766494
88.8500,2932.593810,15355.431342,276188.210635,5252.266605
88.9000,2930.079107,15317.274059,276228.085131,5252.764702
88.9500,2927.571149,15279.211099,276267.860542,5253.260788
89.0000,2925.069910,15241.242238,276307.537111,5253.754870
89.0500,2922.575365,15203.367250,276347.115083,5254.246951
89.1000,2920.087492,15165.585913,276386.594701,5254.737037
89.1500,2917.606263,15127.898002,276425.976210,5255.225134
89.2000,2915.131656,15090.303295,276465.259852,5255.711245
89.2500,2912.663646,15052.801569,276504.445868,5256.195376
89.3000,2910.202208,15015.392601,276543.534500,5256.677531
89.3500,2907.747319,14978.076171,276582.525990,5257.157717
89.4000,2905.298955,14940.852057,276621.420576,5257.635937
89.4500,2902.857091,14903.720039,276660.218500,5258.112197
89.5000,2900.421704,14866.679896,276698.920000,5258.586501
89.5500,2897.992770,14829.731409,276737.525315,5259.058854
89.6000,2895.570265,14792.874359,276776.034683,5259.529262
89.6500,2893.154166,14756.108526,276814.448341,5259.997728
89.7000,2890.744450,14719.433693,276852.766526,5260.464259
89.7500,2888.341094,14682.849642,276890.989475,5260.928858
89.8000,2885.944073,14646.356156,276929.117423,5261.391531
89.8500,2883.553366,14609.953017,276967.150605,5261.852282
89.9000,2881.168948,14573.640010,277005.089256,5262.311117
89.9500,2878.790797,14537.416919,277042.933611,5262.768039
90.0000,2876.418891,14501.283529,277080.683902,5263.223054
90.0500,2874.053207,14465.239623,277118.340363,5263.676167
90.1000,2871.693721,14429.284989,277155.903226,5264.127381
90.1500,2869.340412,14393.419412,277193.372722,5264.576703
90.2000,2866.993256,14357.642678,277230.749084,5265.024137
90.2500,2864.652233,14321.954575,277268.032541,5265.469687
90.3000,2862.317319,14286.354890,277305.223324,5265.913358
90.3500,2859.988493,14250.843411,277342.321663,5266.355155
90.4000,2857.665732,14215.419927,277379.327786,5266.795083
90.4500,2855.349014,14180.084225,277416.241922,5267.233146
90.5000,2853.038318,14144.836096,277453.064300,5267.669349
90.5500,2850.733622,14109.675330,277489.795146,5268.103696
90.6000,2848.434903,14074.601716,277526.434687,5268.536193
90.6500,2846.142142,14039.615045,277562.983150,5268.966843
90.7000,2843.855316,14004.715109,277599.440760,5269.395652
90.7500,2841.574403,13969.901699,277635.807744,5269.822624
90.8000,2839.299383,13935.174607,277672.084324,5270.247763
90.8500,2837.030234,13900.533625,277708.270726,5270.671075
90.9000,2834.766935,13865.978548,277744.367173,5271.092564
90.9500,2832.509466,13831.509168,277780.373889,5271.512234
91.0000,2830.257804,13797.125279,277816.291095,5271.930090
91.0500,2828.011930,13762.826675,277852.119014,5272.346137
91.1000,2825.771823,13728.613152,277887.857868,5272.760378
91.1500,2823.537461,13694.484505,277923.507876,5273.172819
91.2000,2821.308825,13660.440530,277959.069260,5273.583464
91.2500,2819.085893,13626.481022,277994.542240,5273.992318
91.3000,2816.868647,13592.605778,278029.927035,5274.399385
91.3500,2814.657064,13558.814596,278065.223863,5274.804669
91.4000,2812.451125,13525.107273,278100.432943,5275.208175
91.4500,2810.250810,13491.483607,278135.554493,5275.609908
91.5000,2808.056098,13457.943397,278170.588730,5276.009871
91.5500,2805.866970,13424.486441,278205.535871,5276.408070
91.6000,2803.683406,13391.112539,278240.396132,5276.804509
91.6500,2801.505386,13357.821491,278275.169728,5277.199192
91.7000,2799.332891,13324.613097,278309.856875,5277.592123
91.7500,2797.165899,13291.487157,278344.457788,5277.983307
91.8000,2795.004393,13258.443473,278378.972680,5278.372749
91.8500,2792.848353,13225.481847,278413.401765,5278.760453
91.9000,2790.697758,13192.602080,278447.745256,5279.146422
91.9500,2788.552591,13159.803975,278482.003367,5279.530662
92.0000,2786.412831,13127.087336,278516.176308,5279.913177
92.0500,2784.278459,13094.451964,278550.264291,5280.293970
92.1000,2782.149457,13061.897664,278584.267528,5280.673047
92.1500,2780.025805,13029.424241,278618.186229,5281.050412
92.2000,2777.907485,12997.031499,278652.020604,5281.426069
92.2500,2775.794477,12964.719243,278685.770863,5281.800022
92.3000,2773.686763,12932.487279,278719.437214,5282.172276
92.3500,2771.584324,12900.335413,278753.019866,5282.542835
92.4000,2769.487142,12868.263451,278786.519027,5282.911703
92.4500,2767.395197,12836.271200,278819.934905,5283.278884
92.5000,2765.308472,12804.358467,278853.267706,5283.644383
92.5500,2763.226949,12772.525061,278886.517638,5284.008203
92.6000,2761.150608,12740.770789,278919.684905,5284.370350
92.6500,2759.079432,12709.095460,278952.769714,5284.730826
92.7000,2757.013402,12677.498882,278985.772270,5285.089638
92.7500,2754.952501,12645.980867,279018.692776,5285.446787
92.8000,2752.896710,12614.541223,279051.531438,5285.802280
92.8500,2750.846012,12583.179760,279084.288459,5286.156120
92.9000,2748.800388,12551.896290,279116.964041,5286.508310
92.9500,2746.759822,12520.690624,279149.558387,5286.858856
93.0000,2744.724294,12489.562573,279182.071699,5287.207762
93.0500,2742.693788,12458.511949,279214.504179,5287.555031
93.1000,2740.668286,12427.538565,279246.856028,5287.900667
93.1500,2738.647770,12396.642234,279279.127447,5288.244675
93.2000,2736.632224,12365.822769,279311.318634,5288.587059
93.2500,2734.621629,12335.079984,279343.429791,5288.927823
93.3000,2732.615969,12304.413692,279375.461117,5289.266971
93.3500,2730.615226,12273.823709,279407.412809,5289.604507
93.4000,2728.619383,12243.309850,279439.285066,5289.940435
93.4500,2726.628423,12212.871930,279471.078086,5290.274760
93.5000,2724.642329,12182.509764,279502.792066,5290.607484
93.5500,2722.661084,12152.223170,279534.427202,5290.938613
93.6000,2720.684672,12122.011963,279565.983691,5291.268150
93.6500,2718.713075,12091.875961,279597.461729,5291.596099
93.7000,2716.746277,12061.814982,279628.861511,5291.922464
93.7500,2714.784261,12031.828842,279660.183232,5292.247250
93.8000,2712.827011,12001.917362,279691.427086,5292.570459
93.8500,2710.874509,11972.080358,279722.593267,5292.892097
93.9000,2708.926741,11942.317652,279753.681968,5293.212167
93.9500,2706.983688,11912.629061,279784.693383,5293.530673
94.0000,2705.045336,11883.014407,279815.627704,5293.847620
94.0500,2703.111667,11853.473509,279846.485122,5294.163010
94.1000,2701.182666,11824.006188,279877.265830,5294.476848
94.1500,2699.258316,11794.612266,279907.970018,5294.789137
94.2000,2697.338601,11765.291564,279938.597877,5295.099883
94.2500,2695.423506,11736.043905,279969.149597,5295.409087
94.3000,2693.513014,11706.869110,279999.625368,5295.716756
94.3500,2691.607110,11677.767003,280030.025379,5296.022891
94.4000,2689.705778,11648.737406,280060.349820,5296.327498
94.4500,2687.809002,11619.780144,280090.598877,5296.630580
94.5000,2685.916766,11590.895040,280120.772739,5296.932141
94.5500,2684.029055,11562.081920,280150.871593,5297.232184
94.6000,2682.145853,11533.340607,280180.895627,5297.530714
94.6500,2680.267146,11504.670927,280210.845027,5297.827734
94.7000,2678.392916,11476.072706,280240.719978,5298.123249
94.7500,2676.523150,11447.545770,280270.520666,5298.417261
94.8000,2674.657831,11419.089946,280300.247277,5298.709775
94.8500,2672.796945,11390.705059,280329.899996,5299.000795
94.9000,2670.940477,11362.390938,280359.479005,5299.290324
94.9500,2669.088410,11334.147410,280388.984490,5299.578366
95.0000,2667.240731,11305.974303,280418.416633,5299.864924
95.0500,2665.397425,11277.871446,280447.775617,5300.150004
95.1000,2663.558475,11249.838668,280477.061625,5300.433607
95.1500,2661.723868,11221.875797,280506.274839,5300.715739
95.2000,2659.893589,11193.982663,280535.415439,5300.996402
95.2500,2658.067622,11166.159097,280564.483609,5301.275600
95.3000,2656.245954,11138.404928,280593.479527,5301.553338
95.3500,2654.428570,11110.719988,280622.403374,5301.829619
95.4000,2652.615454,11083.104108,280651.255331,5302.104446
95.4500,2650.806594,11055.557120,280680.035575,5302.377823
95.5000,2649.001973,11028.078854,280708.744287,5302.649754
95.5500,2647.201578,11000.669145,280737.381645,5302.920242
95.6000,2645.405394,10973.327823,280765.947826,5303.189292
95.6500,2643.613407,10946.054724,280794.443009,5303.456906
95.7000,2641.825604,10918.849679,280822.867370,5303.723088
95.7500,2640.041969,10891.712524,280851.221086,5303.987843
95.8000,2638.262488,10864.643092,280879.504333,5304.251173
95.8500,2636.487148,10837.641217,280907.717288,5304.513082
95.9000,2634.715935,10810.706736,280935.860126,5304.773575
95.9500,2632.948834,10783.839483,280963.933022,5305.032653
96.0000,2631.185832,10757.039295,280991.936150,5305.290321
96.0500,2629.426915,10730.306007,281019.869684,5305.546583
96.1000,2627.672069,10703.639456,281047.733799,5305.801442
96.1500,2625.921281,10677.039479,281075.528667,5306.054901
96.2000,2624.174536,10650.505913,281103.254462,5306.306965
96.2500,2622.431821,10624.038597,281130.911355,5306.557636
96.3000,2620.693123,10597.637367,281158.499520,5306.806919
96.3500,2618.958428,10571.302063,281186.019127,5307.054816
96.4000,2617.227722,10545.032524,281213.470347,5307.301331
96.4500,2615.500992,10518.828588,281240.853352,5307.546468
96.5000,2613.778226,10492.690095,281268.168313,5307.790230
96.5500,2612.059409,10466.616886,281295.415398,5308.032621
96.6000,2610.344528,10440.608800,281322.594777,5308.273644
96.6500,2608.633570,10414.665678,281349.706620,5308.513302
96.7000,2606.926523,10388.787361,281376.751095,5308.751600
96.7500,2605.223372,10362.973691,281403.728370,5308.988539
96.8000,2603.524105,10337.224509,281430.638614,5309.224125
96.8500,2601.828709,10311.539658,281457.481993,5309.458360
96.9000,2600.137170,10285.918981,281484.258675,5309.691248
96.9500,2598.449477,10260.362319,281510.968827,5309.922792
97.0000,2596.765616,10234.869517,281537.612615,5310.152996
97.0500,2595.085574,10209.440417,281564.190204,5310.381862
97.1000,2593.409340,10184.074865,281590.701760,5310.609395
97.1500,2591.736899,10158.772704,281617.147448,5310.835598
97.2000,2590.068239,10133.533779,281643.527433,5311.060473
97.2500,2588.403348,10108.357935,281669.841879,5311.284026
97.3000,2586.742214,10083.245018,281696.090949,5311.506257
97.3500,2585.084823,10058.194874,281722.274807,5311.727172
97.4000,2583.431164,10033.207347,281748.393616,5311.946774
97.4500,2581.781223,10008.282287,281774.447539,5312.165065
97.5000,2580.134989,9983.419538,281800.436738,5312.382050
97.5500,2578.492450,9958.618948,281826.361375,5312.597730
97.6000,2576.853592,9933.880365,281852.221611,5312.812111
97.6500,2575.218405,9909.203637,281878.017606,5313.025194
97.7000,2573.586875,9884.588612,281903.749523,5313.236984
97.7500,2571.958990,9860.035139,281929.417521,5313.447484
97.8000,2570.334739,9835.543067,281955.021759,5313.656696
97.8500,2568.714110,9811.112245,281980.562398,5313.864624
97.9000,2567.097090,9786.742522,282006.039596,5314.071272
97.9500,2565.483668,9762.433750,282031.453511,5314.276643
98.0000,2563.873832,9738.185779,282056.804304,5314.480739
98.0500,2562.267569,9713.998458,282082.092130,5314.683564
98.1000,2560.664869,9689.871640,282107.317148,5314.885122
98.1500,2559.065719,9665.805175,282132.479515,5315.085415
98.2000,2557.470108,9641.798917,282157.579387,5315.284447
98.2500,2555.878024,9617.852716,282182.616921,5315.482221
98.3000,2554.289456,9593.966425,282207.592273,5315.678740
98.3500,2552.704391,9570.139898,282232.505599,5315.874007
98.4000,2551.122819,9546.372987,282257.357052,5316.068026
98.4500,2549.544728,9522.665546,282282.146790,5316.260799
98.5000,2547.970107,9499.017429,282306.874965,5316.452330
98.5500,2546.398943,9475.428491,282331.541732,5316.642622
98.6000,2544.831227,9451.898585,282356.147244,5316.831679
98.6500,2543.266946,9428.427566,282380.691655,5317.019502
98.7000,2541.706089,9405.015291,282405.175118,5317.206096
98.7500,2540.148645,9381.661614,282429.597786,5317.391463
98.8000,2538.594603,9358.366391,282453.959809,5317.575607
98.8500,2537.043953,9335.129479,282478.261341,5317.758531
98.9000,2535.496681,9311.950735,282502.502533,5317.940237
98.9500,2533.952779,9288.830015,282526.683535,5318.120729
99.0000,2532.412234,9265.767177,282550.804499,5318.300011
99.0500,2530.875036,9242.762078,282574.865575,5318.478084
99.1000,2529.341174,9219.814576,282598.866912,5318.654952
99.1500,2527.810637,9196.924530,282622.808660,5318.830619
99.2000,2526.283414,9174.091798,282646.690969,5319.005087
99.2500,2524.759494,9151.316239,282670.513987,5319.178359
99.3000,2523.238867,9128.597713,282694.277863,5319.350438
99.3500,2521.721522,9105.936079,282717.982745,5319.521328
99.4000,2520.207448,9083.331197,282741.628780,5319.691031
99.4500,2518.696634,9060.782927,282765.216116,5319.859551
99.5000,2517.189071,9038.291131,282788.744900,5320.026890
99.5500,2515.684747,9015.855668,282812.215279,5320.193051
99.6000,2514.183653,8993.476401,282835.627398,5320.358038
99.6500,2512.685777,8971.153191,282858.981405,5320.521853
99.7000,2511.191109,8948.885899,282882.277443,5320.684499
99.7500,2509.699638,8926.674389,282905.515660,5320.845980
99.8000,2508.211355,8904.518522,282928.696198,5321.006298
99.8500,2506.726250,8882.418162,282951.819204,5321.165456
99.9000,2505.244311,8860.373172,282974.884821,5321.323458
99.9500,2503.765528,8838.383415,282997.893192,5321.480305
100.0000,2502.289892,8816.448756,283020.844462,5321.636002
100.0500,2500.817393,8794.569058,283043.738773,5321.790550
100.1000,2499.348019,8772.744187,283066.576269,5321.943954
100.1500,2497.881762,8750.974006,283089.357091,5322.096215
100.2000,2496.418610,8729.258381,283112.081381,5322.247337
100.2500,2494.958555,8707.597178,283134.749281,5322.397323
100.3000,2493.501586,8685.990262,283157.360933,5322.546175
100.3500,2492.047693,8664.437500,283179.916478,5322.693896
100.4000,2490.596866,8642.938758,283202.416055,5322.840490
100.4500,2489.149096,8621.493902,283224.859806,5322.985959
100.5000,2487.704372,8600.102801,283247.247870,5323.130306
100.5500,2486.262685,8578.765320,283269.580387,5323.273534
100.6000,2484.824025,8557.481329,283291.857496,5323.415645
100.6500,2483.388383,8536.250694,283314.079336,5323.556643
100.7000,2481.955748,8515.073285,283336.246046,5323.696531
100.7500,2480.526112,8493.948969,283358.357763,5323.835311
100.8000,2479.099464,8472.877617,283380.414626,5323.972985
100.8500,2477.675795,8451.859097,283402.416773,5324.109558
100.9000,2476.255096,8430.893278,283424.364339,5324.245031
100.9500,2474.837356,8409.980032,283446.257463,5324.379408
101.0000,2473.422567,8389.119227,283468.096281,5324.512691
101.0500,2472.010719,8368.310734,283489.880929,5324.644883
101.1000,2470.601803,8347.554424,283511.611542,5324.775986
101.1500,2469.195809,8326.850169,283533.288257,5324.906005
101.2000,2467.792728,8306.197840,283554.911208,5325.034940
101.2500,2466.392551,8285.597308,283576.480530,5325.162796
101.3000,2464.995269,8265.048446,283597.996359,5325.289575
101.3500,2463.600871,8244.551125,283619.458827,5325.415279
101.4000,2462.209350,8224.105219,283640.868069,5325.539912
101.4500,2460.820696,8203.710601,283662.224219,5325.663476
101.5000,2459.434900,8183.367143,283683.527408,5325.785973
101.5500,2458.051953,8163.074720,283704.777772,5325.907407
101.6000,2456.671846,8142.833204,283725.975441,5326.027780
101.6500,2455.294569,8122.642471,283747.120549,5326.147095
101.7000,2453.920114,8102.502395,283768.213226,5326.265355
101.7500,2452.548473,8082.412850,283789.253605,5326.382562
101.8000,2451.179635,8062.373712,283810.241816,5326.498719
101.8500,2449.813592,8042.384856,283831.177992,5326.613829
101.9000,2448.450336,8022.446158,283852.062261,5326.727894
101.9500,2447.089857,8002.557493,283872.894755,5326.840918
102.0000,2445.732146,7982.718738,283893.675603,5326.952901
102.0500,2444.377196,7962.929770,283914.404936,5327.063849
102.1000,2443.024997,7943.190464,283935.082881,5327.173762
102.1500,2441.675541,7923.500699,283955.709569,5327.282643
102.2000,2440.328818,7903.860352,283976.285128,5327.390496
102.2500,2438.984821,7884.269300,283996.809686,5327.497323
102.3000,2437.643540,7864.727422,284017.283371,5327.603127
102.3500,2436.304968,7845.234595,284037.706311,5327.707909
102.4000,2434.969095,7825.790699,284058.078633,5327.811673
102.4500,2433.635914,7806.395612,284078.400465,5327.914422
102.5000,2432.305415,7787.049214,284098.671932,5328.016157
102.5500,2430.977591,7767.751383,284118.893163,5328.116882
102.6000,2429.652432,7748.502001,284139.064282,5328.216599
102.6500,2428.329931,7729.300946,284159.185415,5328.315310
102.7000,2427.010079,7710.148099,284179.256688,5328.413019
102.7500,2425.692869,7691.043340,284199.278227,5328.509727
102.8000,2424.378290,7671.986552,284219.250155,5328.605438
102.8500,2423.066336,7652.977613,284239.172598,5328.700154
102.9000,2421.756999,7634.016408,284259.045680,5328.793877
102.9500,2420.450269,7615.102816,284278.869525,5328.886610
103.0000,2419.146139,7596.236720,284298.644256,5328.978355
103.0500,2417.844601,7577.418002,284318.369997,5329.069116
103.1000,2416.545646,7558.646546,284338.046870,5329.158894
103.1500,2415.249267,7539.922233,284357.675000,5329.247692
103.2000,2413.955456,7521.244947,284377.254507,5329.335512
103.2500,2412.664204,7502.614572,284396.785514,5329.422358
103.3000,2411.375504,7484.030990,284416.268143,5329.508231
103.3500,2410.089347,7465.494087,284435.702516,5329.593134
103.4000,2408.805726,7447.003747,284455.088753,5329.677069
103.4500,2407.524632,7428.559853,284474.426975,5329.760040
103.5000,2406.246059,7410.162291,284493.717304,5329.842048
103.5500,2404.969998,7391.810946,284512.959859,5329.923096
103.6000,2403.696441,7373.505703,284532.154761,5330.003186
103.6500,2402.425380,7355.246448,284551.302129,5330.082321
103.7000,2401.156808,7337.033068,284570.402082,5330.160503
103.7500,2399.890718,7318.865447,284589.454741,5330.237735
103.8000,2398.627100,7300.743473,284608.460222,5330.314018
103.8500,2397.365949,7282.667032,284627.418646,5330.389357
103.9000,2396.107255,7264.636012,284646.330130,5330.463752
103.9500,2394.851012,7246.650300,284665.194793,5330.537207
104.0000,2393.597212,7228.709782,284684.012751,5330.609723
104.0500,2392.345847,7210.814348,284702.784122,5330.681304
104.1000,2391.096910,7192.963885,284721.509024,5330.751951
104.1500,2389.850393,7175.158282,284740.187574,5330.821667
104.2000,2388.606289,7157.397427,284758.819886,5330.890455
104.2500,2387.364590,7139.681209,284777.406079,5330.958316
104.3000,2386.125289,7122.009518,284795.946267,5331.025253
104.3500,2384.888379,7104.382243,284814.440567,5331.091269
104.4000,2383.653852,7086.799273,284832.889093,5331.156365
104.4500,2382.421701,7069.260498,284851.291961,5331.220545
104.5000,2381.191919,7051.765810,284869.649286,5331.283810
104.5500,2379.964497,7034.315097,284887.961182,5331.346163
104.6000,2378.739430,7016.908252,284906.227763,5331.407606
104.6500,2377.516709,6999.545165,284924.449143,5331.468142
104.7000,2376.296328,6982.225728,284942.625435,5331.527772
104.7500,2375.078280,6964.949831,284960.756754,5331.586500
104.8000,2373.862556,6947.717367,284978.843212,5331.644327
104.8500,2372.649151,6930.528229,284996.884922,5331.701256
104.9000,2371.438057,6913.382307,285014.881996,5331.757289
104.9500,2370.229266,6896.279496,285032.834547,5331.812428
105.0000,2369.022772,6879.219687,285050.742687,5331.866676
105.0500,2367.818569,6862.202774,285068.606527,5331.920035
105.1000,2366.616648,6845.228650,285086.426178,5331.972507
105.1500,2365.417002,6828.297210,285104.201753,5332.024094
105.2000,2364.219626,6811.408346,285121.933361,5332.074800
105.2500,2363.024512,6794.561953,285139.621113,5332.124625
105.3000,2361.831652,6777.757926,285157.265120,5332.173573
105.3500,2360.641041,6760.996158,285174.865491,5332.221645
105.4000,2359.452671,6744.276546,285192.422336,5332.268844
105.4500,2358.266536,6727.598984,285209.935765,5332.315172
105.5000,2357.082628,6710.963367,285227.405887,5332.360631
105.5500,2355.900941,6694.369592,285244.832811,5332.405224
105.6000,2354.721468,6677.817554,285262.216645,5332.448952
105.6500,2353.544203,6661.307149,285279.557498,5332.491818
105.7000,2352.369138,6644.838274,285296.855479,5332.533825
105.7500,2351.196267,6628.410826,285314.110693,5332.574973
105.8000,2350.025583,6612.024701,285331.323251,5332.615266
105.8500,2348.857081,6595.679797,285348.493258,5332.654706
105.9000,2347.690752,6579.376010,285365.620821,5332.693295
105.9500,2346.526591,6563.113240,285382.706048,5332.731035
106.0000,2345.364590,6546.891383,285399.749046,5332.767928
106.0500,2344.204744,6530.710339,285416.749919,5332.803977
106.1000,2343.047046,6514.570004,285433.708775,5332.839183
106.1500,2341.891489,6498.470279,285450.625718,5332.873549
106.2000,2340.738067,6482.411061,285467.500855,5332.907077
106.2500,2339.586773,6466.392251,285484.334291,5332.939769
106.3000,2338.437601,6450.413747,285501.126130,5332.971628
106.3500,2337.290545,6434.475449,285517.876477,5333.002654
106.4000,2336.145598,6418.577257,285534.585437,5333.032852
106.4500,2335.002753,6402.719071,285551.253113,5333.062221
106.5000,2333.862005,6386.900792,285567.879611,5333.090766
106.5500,2332.723348,6371.122320,285584.465032,5333.118488
106.6000,2331.586774,6355.383556,285601.009481,5333.145388
106.6500,2330.452277,6339.684401,285617.513061,5333.171470
106.7000,2329.319852,6324.024756,285633.975874,5333.196734
106.7500,2328.189492,6308.404524,285650.398024,5333.221184
106.8000,2327.061191,6292.823605,285666.779612,5333.244822
106.8500,2325.934942,6277.281902,285683.120740,5333.267649
106.9000,2324.810740,6261.779318,285699.421512,5333.289667
106.9500,2323.688578,6246.315754,285715.682027,5333.310880
107.0000,2322.568451,6230.891114,285731.902387,5333.331287
107.0500,2321.450352,6215.505300,285748.082694,5333.350893
107.1000,2320.334274,6200.158216,285764.223048,5333.369699
107.1500,2319.220213,6184.849766,285780.323550,5333.387706
107.2000,2318.108162,6169.579852,285796.384301,5333.404918
107.2500,2316.998114,6154.348379,285812.405399,5333.421335
107.3000,2315.890064,6139.155251,285828.386945,5333.436960
107.3500,2314.784007,6124.000373,285844.329039,5333.451796
107.4000,2313.679935,6108.883649,285860.231780,5333.465844
107.4500,2312.577844,6093.804984,285876.095267,5333.479105
107.5000,2311.477726,6078.764283,285891.919599,5333.491583
107.5500,2310.379577,6063.761451,285907.704874,5333.503280
107.6000,2309.283390,6048.796394,285923.451191,5333.514196
107.6500,2308.189160,6033.869019,285939.158648,5333.524334
107.7000,2307.096881,6018.979230,285954.827343,5333.533697
107.7500,2306.006546,6004.126934,285970.457373,5333.542286
107.8000,2304.918150,5989.312038,285986.048835,5333.550103
107.8500,2303.831688,5974.534448,286001.601828,5333.557150
107.9000,2302.747153,5959.794071,286017.116447,5333.563430
107.9500,2301.664541,5945.090814,286032.592789,5333.568943
108.0000,2300.583844,5930.424586,286048.030951,5333.573693
108.0500,2299.505058,5915.795293,286063.431029,5333.577681
108.1000,2298.428176,5901.202843,286078.793119,5333.580909
108.1500,2297.353194,5886.647144,286094.117316,5333.583378
108.2000,2296.280105,5872.128105,286109.403716,5333.585092
108.2500,2295.208904,5857.645634,286124.652413,5333.586052
108.3000,2294.139585,5843.199640,286139.863504,5333.586259
108.3500,2293.072143,5828.790032,286155.037083,5333.585716
108.4000,2292.006572,5814.416719,286170.173244,5333.584425
108.4500,2290.942867,5800.079610,286185.272081,5333.582388
108.5000,2289.881022,5785.778615,286200.333689,5333.579606
108.5500,2288.821031,5771.513644,286215.358161,5333.576081
108.6000,2287.762890,5757.284607,286230.345591,5333.571816
108.6500,2286.706592,5743.091414,286245.296072,5333.566812
108.7000,2285.652132,5728.933976,286260.209698,5333.561072
108.7500,2284.599506,5714.812203,286275.086560,5333.554596
108.8000,2283.548706,5700.726007,286289.926752,5333.547387
108.8500,2282.499729,5686.675298,286304.730366,5333.539448
108.9000,2281.452568,5672.659988,286319.497494,5333.530779
108.9500,2280.407218,5658.679988,286334.228229,5333.521383
109.0000,2279.363675,5644.735211,286348.922661,5333.511261
109.0500,2278.321932,5630.825568,286363.580882,5333.500415
109.1000,2277.281984,5616.950972,286378.202984,5333.488848
109.1500,2276.243827,5603.111334,286392.789057,5333.476561
109.2000,2275.207454,5589.306569,286407.339193,5333.463556
109.2500,2274.172861,5575.536587,286421.853482,5333.449835
109.3000,2273.140042,5561.801304,286436.332014,5333.435399
109.3500,2272.108993,5548.100631,286450.774879,5333.420251
109.4000,2271.079707,5534.434483,286465.182167,5333.404392
109.4500,2270.052180,5520.802772,286479.553968,5333.387825
109.5000,2269.026407,5507.205414,286493.890371,5333.370550
109.5500,2268.002383,5493.642322,286508.191466,5333.352570
109.6000,2266.980101,5480.113411,286522.457341,5333.333887
109.6500,2265.959558,5466.618595,286536.688085,5333.314503
109.7000,2264.940749,5453.157789,286550.883787,5333.294419
109.7500,2263.923667,5439.730907,286565.044535,5333.273636
109.8000,2262.908309,5426.337866,286579.170417,5333.252158
109.8500,2261.894668,5412.978580,286593.261521,5333.229985
109.9000,2260.882741,5399.652966,286607.317935,5333.207120
109.9500,2259.872522,5386.360938,286621.339745,5333.183564
110.0000,2258.864006,5373.102413,286635.327041,5333.159319
110.0500,2257.857188,5359.877307,286649.279907,5333.134387
110.1000,2256.852063,5346.685537,286663.198431,5333.108770
110.1500,2255.848626,5333.527019,286677.082701,5333.082469
110.2000,2254.846873,5320.401670,286690.932801,5333.055486
110.2500,2253.846799,5307.309407,286704.748818,5333.027823
110.3000,2252.848398,5294.250148,286718.530838,5332.999481
110.3500,2251.851665,5281.223809,286732.278947,5332.970463
110.4000,2250.856597,5268.230308,286745.993230,5332.940771
110.4500,2249.863187,5255.269564,286759.673773,5332.910405
110.5000,2248.871432,5242.341494,286773.320661,5332.879367
110.5500,2247.881326,5229.446017,286786.933977,5332.847661
110.6000,2246.892865,5216.583051,286800.513808,5332.815286
110.6500,2245.906044,5203.752514,286814.060237,5332.782245
110.7000,2244.920858,5190.954326,286827.573349,5332.748539
110.7500,2243.937302,5178.188405,286841.053228,5332.714171
110.8000,2242.955373,5165.454672,286854.499957,5332.679142
110.8500,2241.975064,5152.753044,286867.913620,5332.643454
110.9000,2240.996371,5140.083442,286881.294300,5332.607108
110.9500,2240.019290,5127.445787,286894.642081,5332.570106
111.0000,2239.043817,5114.839996,286907.957046,5332.532450
111.0500,2238.069945,5102.265992,286921.239277,5332.494141
111.1000,2237.097671,5089.723695,286934.488857,5332.455182
111.1500,2236.126991,5077.213024,286947.705868,5332.415573
111.2000,2235.157899,5064.733901,286960.890392,5332.375317
111.2500,2234.190391,5052.286248,286974.042511,5332.334415
111.3000,2233.224463,5039.869984,286987.162307,5332.292869
111.3500,2232.260109,5027.485032,287000.249862,5332.250681
111.4000,2231.297326,5015.131313,287013.305257,5332.207851
111.4500,2230.336108,5002.808748,287026.328572,5332.164383
111.5000,2229.376452,4990.517261,287039.319889,5332.120277
111.5500,2228.418353,4978.256773,287052.279289,5332.075536
111.6000,2227.461806,4966.027206,287065.206851,5332.030160
111.6500,2226.506807,4953.828483,287078.102657,5331.984152
111.7000,2225.553352,4941.660526,287090.966786,5331.937513
111.7500,2224.601436,4929.523260,287103.799318,5331.890244
111.8000,2223.651054,4917.416606,287116.600333,5331.842348
111.8500,2222.702203,4905.340488,287129.369911,5331.793826
111.9000,2221.754878,4893.294829,287142.108130,5331.744679
111.9500,2220.809074,4881.279554,287154.815070,5331.694910
112.0000,2219.864787,4869.294586,287167.490810,5331.644520
112.0500,2218.922014,4857.339849,287180.135428,5331.593510
112.1000,2217.980749,4845.415268,287192.749004,5331.541882
112.1500,2217.040988,4833.520766,287205.331614,5331.489638
112.2000,2216.102727,4821.656269,287217.883338,5331.436779
112.2500,2215.165962,4809.821701,287230.404252,5331.383307
112.3000,2214.230688,4798.016987,287242.894436,5331.329223
112.3500,2213.296901,4786.242053,287255.353967,5331.274530
112.4000,2212.364597,4774.496824,287267.782921,5331.219228
112.4500,2211.433772,4762.781224,287280.181376,5331.163319
112.5000,2210.504422,4751.095181,287292.549409,5331.106805
112.5500,2209.576542,4739.438620,287304.887096,5331.049687
112.6000,2208.650127,4727.811467,287317.194515,5330.991967
112.6500,2207.725175,4716.213649,287329.471741,5330.933647
112.7000,2206.801681,4704.645091,287341.718851,5330.874728
112.7500,2205.879640,4693.105720,287353.935921,5330.815211
112.8000,2204.959049,4681.595464,287366.123026,5330.755098
112.8500,2204.039904,4670.114249,287378.280243,5330.694391
112.9000,2203.122200,4658.662002,287390.407645,5330.633091
112.9500,2202.205933,4647.238651,287402.505310,5330.571200
113.0000,2201.291099,4635.844123,287414.573311,5330.508720
113.0500,2200.377694,4624.478347,287426.611724,5330.445651
113.1000,2199.465715,4613.141249,287438.620624,5330.381995
113.1500,2198.555156,4601.832758,287450.600084,5330.317754
113.2000,2197.646015,4590.552803,287462.550179,5330.252930
113.2500,2196.738287,4579.301310,287474.470983,5330.187523
113.3000,2195.831968,4568.078211,287486.362570,5330.121536
113.3500,2194.927054,4556.883432,287498.225014,5330.054970
113.4000,2194.023541,4545.716903,287510.058389,5329.987827
113.4500,2193.121425,4534.578553,287521.862767,5329.920107
113.5000,2192.220702,4523.468312,287533.638221,5329.851812
113.5500,2191.321369,4512.386108,287545.384826,5329.782945
113.6000,2190.423421,4501.331872,287557.102653,5329.713506
113.6500,2189.526855,4490.305533,287568.791776,5329.643496
113.7000,2188.631667,4479.307022,287580.452266,5329.572919
113.7500,2187.737852,4468.336268,287592.084197,5329.501774
113.8000,2186.845407,4457.393201,287603.687639,5329.430063
113.8500,2185.954328,4446.477753,287615.262665,5329.357788
113.9000,2185.064612,4435.589854,287626.809347,5329.284950
113.9500,2184.176253,4424.729435,287638.327756,5329.211551
114.0000,2183.289250,4413.896427,287649.817964,5329.137592
114.0500,2182.403597,4403.090761,287661.280041,5329.063075
114.1000,2181.519291,4392.312368,287672.714059,5328.988001
114.1500,2180.636329,4381.561180,287684.120089,5328.912372
114.2000,2179.754706,4370.837129,287695.498201,5328.836188
114.2500,2178.874418,4360.140147,287706.848466,5328.759452
114.3000,2177.995463,4349.470165,287718.170953,5328.682165
114.3500,2177.117836,4338.827115,287729.465734,5328.604327
114.4000,2176.241534,4328.210931,287740.732878,5328.525942
114.4500,2175.366552,4317.621545,287751.972454,5328.447010
114.5000,2174.492888,4307.058889,287763.184533,5328.367532
114.5500,2173.620537,4296.522896,287774.369183,5328.287511
114.6000,2172.749496,4286.013499,287785.526475,5328.206946
114.6500,2171.879762,4275.530632,287796.656476,5328.125841
114.7000,2171.011329,4265.074228,287807.759257,5328.044196
114.7500,2170.144196,4254.644221,287818.834885,5327.962012
114.8000,2169.278358,4244.240543,287829.883430,5327.879291
114.8500,2168.413812,4233.863129,287840.904959,5327.796035
114.9000,2167.550554,4223.511914,287851.899541,5327.712245
114.9500,2166.688581,4213.186830,287862.867244,5327.627922
115.0000,2165.827889,4202.887814,287873.808135,5327.543067
115.0500,2164.968474,4192.614798,287884.722283,5327.457683
115.1000,2164.110333,4182.367718,287895.609754,5327.371769
115.1500,2163.253462,4172.146508,287906.470617,5327.285329
115.2000,2162.397858,4161.951104,287917.304939,5327.198363
115.2500,2161.543518,4151.781441,287928.112785,5327.110872
115.3000,2160.690437,4141.637454,287938.894224,5327.022858
115.3500,2159.838613,4131.519078,287949.649322,5326.934322
115.4000,2158.988042,4121.426250,287960.378146,5326.845266
115.4500,2158.138720,4111.358904,287971.080761,5326.755690
115.5000,2157.290644,4101.316977,287981.757234,5326.665597
115.5500,2156.443811,4091.300406,287992.407631,5326.574988
115.6000,2155.598216,4081.309125,288003.032018,5326.483863
115.6500,2154.753858,4071.343073,288013.630460,5326.392225
115.7000,2153.910731,4061.402184,288024.203024,5326.300075
115.7500,2153.068834,4051.486397,288034.749774,5326.207413
115.8000,2152.228162,4041.595648,288045.270775,5326.114242
115.8500,2151.388712,4031.729874,288055.766093,5326.020563
115.9000,2150.550481,4021.889012,288066.235792,5325.926376
115.9500,2149.713465,4012.072999,288076.679937,5325.831684
116.0000,2148.877661,4002.281774,288087.098593,5325.736487
116.0500,2148.043066,3992.515273,288097.491824,5325.640788
116.1000,2147.209677,3982.773436,288107.859694,5325.544586
116.1500,2146.377489,3973.056198,288118.202267,5325.447885
116.2000,2145.546501,3963.363500,288128.519607,5325.350684
116.2500,2144.716708,3953.695279,288138.811778,5325.252985
116.3000,2143.888107,3944.051473,288149.078844,5325.154790
116.3500,2143.060695,3934.432021,288159.320867,5325.056099
116.4000,2142.234469,3924.836862,288169.537911,5324.956915
116.4500,2141.409425,3915.265935,288179.730040,5324.857237
116.5000,2140.585560,3905.719178,288189.897315,5324.757069
116.5500,2139.762872,3896.196532,288200.039800,5324.656410
116.6000,2138.941356,3886.697935,288210.157558,5324.555263
116.6500,2138.121010,3877.223327,288220.250650,5324.453628
116.7000,2137.301830,3867.772647,288230.319140,5324.351507
116.7500,2136.483813,3858.345836,288240.363089,5324.248901
116.8000,2135.666957,3848.942833,288250.382559,5324.145811
116.8500,2134.851257,3839.563578,288260.377612,5324.042239
116.9000,2134.036711,3830.208013,288270.348310,5323.938185
116.9500,2133.223316,3820.876076,288280.294714,5323.833652
117.0000,2132.411068,3811.567708,288290.216886,5323.728640
117.0500,2131.599964,3802.282851,288300.114887,5323.623150
117.1000,2130.790002,3793.021446,288309.988777,5323.517184
117.1500,2129.981177,3783.783432,288319.838618,5323.410744
117.2000,2129.173488,3774.568751,288329.664471,5323.303829
117.2500,2128.366931,3765.377345,288339.466396,5323.196443
117.3000,2127.561502,3756.209155,288349.244454,5323.088585
117.3500,2126.757199,3747.064123,288358.998704,5322.980257
117.4000,2125.954019,3737.942190,288368.729207,5322.871460
117.4500,2125.151959,3728.843298,288378.436023,5322.762196
117.5000,2124.351015,3719.767389,288388.119212,5322.652465
117.5500,2123.551185,3710.714405,288397.778833,5322.542270
117.6000,2122.752465,3701.684289,288407.414947,5322.431610
117.6500,2121.954854,3692.676983,288417.027612,5322.320488
117.7000,2121.158346,3683.692429,288426.616887,5322.208904
117.7500,2120.362941,3674.730571,288436.182832,5322.096861
117.8000,2119.568634,3665.791351,288445.725505,5321.984358
117.8500,2118.775422,3656.874712,288455.244966,5321.871397
117.9000,2117.983304,3647.980597,288464.741273,5321.757980
117.9500,2117.192275,3639.108950,288474.214485,5321.644107
118.0000,2116.402333,3630.259714,288483.664659,5321.529780
118.0500,2115.613475,3621.432833,288493.091855,5321.415000
118.1000,2114.825698,3612.628250,288502.496129,5321.299768
118.1500,2114.038999,3603.845909,288511.877541,5321.184086
118.2000,2113.253375,3595.085754,288521.236147,5321.067954
118.2500,2112.468824,3586.347730,288530.572006,5320.951373
118.3000,2111.685342,3577.631780,288539.885175,5320.834346
118.3500,2110.902926,3568.937849,288549.175711,5320.716872
118.4000,2110.121574,3560.265882,288558.443671,5320.598954
118.4500,2109.341283,3551.615823,288567.689112,5320.480592
118.5000,2108.562050,3542.987616,288576.912092,5320.361787
118.5500,2107.783872,3534.381208,288586.112667,5320.242542
118.6000,2107.006746,3525.796543,288595.290893,5320.122856
118.6500,2106.230670,3517.233566,288604.446827,5320.002731
118.7000,2105.455640,3508.692223,288613.580526,5319.882168
118.7500,2104.681655,3500.172459,288622.692046,5319.761169
118.8000,2103.908710,3491.674219,288631.781442,5319.639734
118.8500,2103.136804,3483.197450,288640.848770,5319.517864
118.9000,2102.365933,3474.742098,288649.894087,5319.395562
118.9500,2101.596095,3466.308108,288658.917448,5319.272827
119.0000,2100.827287,3457.895427,288667.918908,5319.149661
119.0500,2100.059506,3449.504001,288676.898522,5319.026065
119.1000,2099.292750,3441.133776,288685.856347,5318.902041
119.1500,2098.527015,3432.784700,288694.792436,5318.777589
119.2000,2097.762300,3424.456718,288703.706846,5318.652710
119.2500,2096.998601,3416.149777,288712.599629,5318.527406
119.3000,2096.235915,3407.863826,288721.470843,5318.401678
119.3500,2095.474240,3399.598809,288730.320539,5318.275527
119.4000,2094.713574,3391.354676,288739.148774,5318.148953
119.4500,2093.953913,3383.131373,288747.955602,5318.021959
119.5000,2093.195255,3374.928848,288756.741076,5317.894545
119.5500,2092.437598,3366.747048,288765.505250,5317.766712
119.6000,2091.680937,3358.585921,288774.248178,5317.638461
119.6500,2090.925272,3350.445415,288782.969914,5317.509794
119.7000,2090.170599,3342.325478,288791.670512,5317.380712
119.7500,2089.416916,3334.226059,288800.350025,5317.251215
119.8000,2088.664220,3326.147105,288809.008505,5317.121305
119.8500,2087.912508,3318.088564,288817.646007,5316.990983
119.9000,2087.161778,3310.050387,288826.262584,5316.860250
119.9500,2086.412027,3302.032520,288834.858287,5316.729107
